{
  "Test Name": "B6F5SL_14",
  "V_initial_mm_s": 0.6390141956600264,
  "Deceleration_mm_s2": -0.004509284393047545,
  "Max Load_target_N": 2000.0,
  "Max Load_measured_N": 538.0908855,
  "WL_at_Max_Load_mm": 170.205,
  "Speed_Transition_mm": 32.235,
  "End_Weld_mm": 172.011,
  "Crack_Start_mm": 90.426,
  "End_Crack_mm": 141.3,
  "End_Crack_detected_mm": 118.81800000000001,
  "End_Crack_measured_mm": 141.3,
  "L_weld_mm": 139.776,
  "L_crack_mm": 109.06500000000001,
  "Time_EndCrack_to_EndWeld_s": 204.43365143762023,
  "Weld_Area_PostCrack_mm2": 77.08000334999996,
  "Lower_Plate_Moved_UserCalc": 1360.8517417250634,
  "Velocity_End_Crack_measured_mm_s": 0.0650791982434796,
  "Velocity_End_Crack_detected_mm_s": 0.115931645383848,
  "Baseline_Slope_N_mm": 0.466983333333317,
  "Notes": "Full crack at peak load.",
  "Welding_Velocity_cm_min": 12.6,
  "Welding_Velocity_mm_s": 2.1,
  "CTDS_mm_s": 0.12674499007727774,
  "CTDS_norm": 0.4136225102488718,
  "CTDS_Source": "manual",
  "_ctds_fit": "{'side': 'left', 'ctds_norm': 0.4506820503491415, 'm': -0.4733855038530939, 'k': -0.38527345060372703, 'b': 0.4520035470289601, 'sse': 2.4359311077528654, 'n_points': 360, 'w1': -0.4733855038530939, 'b1': 0.4520035470289601, 'w2': 0.38527345060372703, 'b2': -0.1736358286631764, 'model': <function fit_ctds_from_normalized_curve.<locals>.model at 0x000002042ED55170>}",
  "_ctds_vel_min": 0.0003275010504726,
  "_ctds_vel_max": 0.305962436031988,
  "Preweld_T_avg_C": 23.452617291746467,
  "CTDS_fit": {
    "w1": -0.4733855038530939,
    "b1": 0.4520035470289601,
    "w2": 0.38527345060372703,
    "b2": -0.1736358286631764,
    "sse": 2.4359311077528654,
    "ctds_norm": 0.4506820503491415
  }
}