{
  "Test Name": "B7F0SL_H_16",
  "V_initial_mm_s": 0.6390067665297404,
  "Deceleration_mm_s2": -0.004516897050934813,
  "Max Load_target_N": 2000.0,
  "Max Load_measured_N": 443.5351662,
  "WL_at_Max_Load_mm": 139.083,
  "Speed_Transition_mm": 32.298,
  "End_Weld_mm": 172.032,
  "Crack_Start_mm": 109.347,
  "End_Crack_mm": 152.2,
  "End_Crack_detected_mm": 134.274,
  "End_Crack_measured_mm": 152.2,
  "L_weld_mm": 139.734,
  "L_crack_mm": 119.90199999999999,
  "Time_EndCrack_to_EndWeld_s": 131.9626844458096,
  "Weld_Area_PostCrack_mm2": 49.77534520000005,
  "Lower_Plate_Moved_UserCalc": 878.0834049084459,
  "Velocity_End_Crack_measured_mm_s": 0.0444453021593947,
  "Velocity_End_Crack_detected_mm_s": 0.0803702087082006,
  "Baseline_Slope_N_mm": -2.8019000000001295,
  "Notes": "Full crack at peak load.",
  "Welding_Velocity_cm_min": 12.6,
  "Welding_Velocity_mm_s": 2.1,
  "CTDS_mm_s": 0.14091075822827656,
  "CTDS_norm": 0.46049172193749377,
  "CTDS_Source": "manual",
  "_ctds_fit": "{'side': 'left', 'ctds_norm': 0.46033528777934823, 'm': -0.1489637879221, 'k': 4.58375980022748, 'b': 0.12694079098286476, 'sse': 0.26331424518758234, 'n_points': 220, 'w1': -0.1489637879221, 'b1': 0.12694079098286476, 'w2': -4.58375980022748, 'b2': 2.110066386749125, 'model': <function fit_ctds_from_normalized_curve.<locals>.model at 0x000002042ED9FAB0>}",
  "_ctds_vel_min": 0.0005250121478803,
  "_ctds_vel_max": 0.305385532744713,
  "Preweld_T_avg_C": 119.95516165461035,
  "CTDS_fit": {
    "w1": -0.1489637879221,
    "b1": 0.12694079098286476,
    "w2": -4.58375980022748,
    "b2": 2.110066386749125,
    "sse": 0.26331424518758234,
    "ctds_norm": 0.46033528777934823
  }
}