{
  "Test Name": "B7F0SL_H_17",
  "V_initial_mm_s": 0.6389963670515537,
  "Deceleration_mm_s2": -0.004531542239240734,
  "Max Load_target_N": 2000.0,
  "Max Load_measured_N": 418.32226905,
  "WL_at_Max_Load_mm": 169.638,
  "Speed_Transition_mm": 32.571,
  "End_Weld_mm": 172.389,
  "Crack_Start_mm": 117.76800000000001,
  "End_Crack_mm": 152.4,
  "End_Crack_detected_mm": 117.621,
  "End_Crack_measured_mm": 152.4,
  "L_weld_mm": 139.818,
  "L_crack_mm": 119.82900000000001,
  "Time_EndCrack_to_EndWeld_s": 133.11839171444618,
  "Weld_Area_PostCrack_mm2": 50.16939165,
  "Lower_Plate_Moved_UserCalc": 886.512892723034,
  "Velocity_End_Crack_measured_mm_s": 0.0415700178273739,
  "Velocity_End_Crack_detected_mm_s": 0.119238932854964,
  "Baseline_Slope_N_mm": -3.7358666666667673,
  "Notes": "Full crack at peak load.",
  "Welding_Velocity_cm_min": 12.6,
  "Welding_Velocity_mm_s": 2.1,
  "CTDS_mm_s": 0.12012011086570333,
  "CTDS_norm": 0.3934547023295945,
  "CTDS_Source": "manual",
  "_ctds_fit": "{'side': 'left', 'ctds_norm': 0.33293208883167047, 'm': -0.23959451063720413, 'k': 2.6235030728378006, 'b': 0.26288168697615527, 'sse': 0.43440456398023997, 'n_points': 300, 'w1': -0.23959451063720413, 'b1': 0.26288168697615527, 'w2': -2.6235030728378006, 'b2': 0.873448358096195, 'model': <function fit_ctds_from_normalized_curve.<locals>.model at 0x000002042E9E9900>}",
  "_ctds_vel_min": 0.0002226126589786,
  "_ctds_vel_max": 0.304952731518474,
  "Preweld_T_avg_C": 119.52917786459231,
  "CTDS_fit": {
    "w1": -0.23959451063720413,
    "b1": 0.26288168697615527,
    "w2": -2.6235030728378006,
    "b2": 0.873448358096195,
    "sse": 0.43440456398023997,
    "ctds_norm": 0.33293208883167047
  }
}