{
  "Test Name": "B7F0SL_15",
  "V_initial_mm_s": 0.6390141399258696,
  "Deceleration_mm_s2": -0.004511906907176971,
  "Max Load_target_N": 2000.0,
  "Max Load_measured_N": 445.2611366,
  "WL_at_Max_Load_mm": 172.41000000000003,
  "Speed_Transition_mm": 32.739000000000004,
  "End_Weld_mm": 172.41000000000003,
  "Crack_Start_mm": 127.36500000000001,
  "End_Crack_mm": 150.9,
  "End_Crack_detected_mm": 127.113,
  "End_Crack_measured_mm": 150.9,
  "L_weld_mm": 139.67100000000002,
  "L_crack_mm": 118.161,
  "Time_EndCrack_to_EndWeld_s": 143.0865617693321,
  "Weld_Area_PostCrack_mm2": 53.986873500000044,
  "Lower_Plate_Moved_UserCalc": 951.8253909330018,
  "Velocity_End_Crack_measured_mm_s": 0.047275952031605,
  "Velocity_End_Crack_detected_mm_s": 0.0921609612682404,
  "Baseline_Slope_N_mm": -2.8018999999994763,
  "Notes": "Full crack at peak load.",
  "Welding_Velocity_cm_min": 12.6,
  "Welding_Velocity_mm_s": 2.1,
  "CTDS_mm_s": 0.1061025266830446,
  "CTDS_norm": 0.34737303011697296,
  "CTDS_Source": "manual",
  "_ctds_fit": "{'side': 'right', 'ctds_norm': 0.3116933712094709, 'm': -3.2062749967893307, 'k': 3.4322953275730965, 'b': 1.1389104299407267, 'sse': 0.4136336099769071, 'n_points': 200, 'w1': -3.2062749967893307, 'b1': 1.1389104299407267, 'w2': 3.4322953275730965, 'b2': -1.0698237016377736, 'model': <function fit_ctds_from_normalized_curve.<locals>.model at 0x000002042ED57D70>}",
  "_ctds_vel_min": 0.0007050328142453,
  "_ctds_vel_max": 0.304118034777317,
  "Preweld_T_avg_C": 23.75136395214776,
  "CTDS_fit": {
    "w1": -3.2062749967893307,
    "b1": 1.1389104299407267,
    "w2": 3.4322953275730965,
    "b2": -1.0698237016377736,
    "sse": 0.4136336099769071,
    "ctds_norm": 0.3116933712094709
  }
}