{
  "Test Name": "B6F0SL_H_13",
  "V_initial_mm_s": 0.6389955540628138,
  "Deceleration_mm_s2": -0.004534637945591728,
  "Max Load_target_N": 2000.0,
  "Max Load_measured_N": 122.6027383,
  "WL_at_Max_Load_mm": 114.828,
  "Speed_Transition_mm": 32.717999999999996,
  "End_Weld_mm": 172.578,
  "Crack_Start_mm": 97.79700000000001,
  "End_Crack_mm": 157.1,
  "End_Crack_detected_mm": 103.572,
  "End_Crack_measured_mm": 157.1,
  "L_weld_mm": 139.86,
  "L_crack_mm": 124.382,
  "Time_EndCrack_to_EndWeld_s": 103.10593581389014,
  "Weld_Area_PostCrack_mm2": 38.84745830000002,
  "Lower_Plate_Moved_UserCalc": 686.835120820392,
  "Velocity_End_Crack_measured_mm_s": 0.0322797251095087,
  "Velocity_End_Crack_detected_mm_s": 0.145900595561729,
  "Baseline_Slope_N_mm": 34.089783333333486,
  "Notes": "Full crack at peak load.",
  "Welding_Velocity_cm_min": 12.6,
  "Welding_Velocity_mm_s": 2.1,
  "CTDS_mm_s": 0.09415928186413988,
  "CTDS_norm": 0.3081510084115263,
  "CTDS_Source": "manual",
  "_ctds_fit": "{'side': 'left', 'ctds_norm': 0.3803497761806935, 'm': -1.6364069864759978, 'k': -3.9280321976489607, 'b': 1.4296215771449323, 'sse': 1.8360486979856268, 'n_points': 280, 'w1': -1.6364069864759978, 'b1': 1.4296215771449323, 'w2': 3.9280321976489607, 'b2': -1.4940261672063397, 'model': <function fit_ctds_from_normalized_curve.<locals>.model at 0x000001BF4958FAB0>}",
  "_ctds_vel_min": -1.27847059335075e-05,
  "_ctds_vel_max": 0.305590844681868,
  "Preweld_T_avg_C": 119.67737699250006,
  "CTDS_fit": {
    "w1": -1.6364069864759978,
    "b1": 1.4296215771449323,
    "w2": 3.9280321976489607,
    "b2": -1.4940261672063397,
    "sse": 1.8360486979856268,
    "ctds_norm": 0.3803497761806935
  }
}