{
  "Test Name": "B6F0SL_6",
  "V_initial_mm_s": 0.4973011337352285,
  "Deceleration_mm_s2": -0.0015059105981676342,
  "Max Load_target_N": 2000.0,
  "Max Load_measured_N": 688.98580905,
  "WL_at_Max_Load_mm": 185.61899999999997,
  "Speed_Transition_mm": 46.074,
  "End_Weld_mm": 185.682,
  "Crack_Start_mm": NaN,
  "End_Crack_mm": 143.0,
  "End_Crack_detected_mm": 180.49499999999998,
  "End_Crack_measured_mm": 143.0,
  "L_weld_mm": 139.608,
  "L_crack_mm": 96.926,
  "Time_EndCrack_to_EndWeld_s": 851.05599065888,
  "Weld_Area_PostCrack_mm2": 107.12541769999996,
  "Lower_Plate_Moved_UserCalc": 16969.596064766596,
  "Velocity_End_Crack_measured_mm_s": 0.0296426887352533,
  "Velocity_End_Crack_detected_mm_s": 0.0039570266314236,
  "Baseline_Slope_N_mm": 39.22660000000022,
  "Notes": "Full crack at peak load.",
  "Welding_Velocity_cm_min": 12.6,
  "Welding_Velocity_mm_s": 2.1,
  "CTDS_mm_s": 0.05856784680903703,
  "CTDS_norm": 0.5694685328512513,
  "CTDS_Source": "manual",
  "_ctds_fit": "{'side': 'left', 'ctds_norm': 0.4855752088551798, 'm': 0.8057661073054563, 'k': 2.7988196045407325, 'b': -0.19276812730633378, 'sse': 0.2027923023337682, 'n_points': 236, 'w1': 0.8057661073054563, 'b1': -0.19276812730633378, 'w2': -2.7988196045407325, 'b2': 1.3590374140228378, 'model': <function fit_ctds_from_normalized_curve.<locals>.model at 0x000001BF493CBE20>}",
  "_ctds_vel_min": -0.0001471226280771,
  "_ctds_vel_max": 0.102957730493721,
  "Preweld_T_avg_C": 28.343613209805635,
  "CTDS_fit": {
    "w1": 0.8057661073054563,
    "b1": -0.19276812730633378,
    "w2": -2.7988196045407325,
    "b2": 1.3590374140228378,
    "sse": 0.2027923023337682,
    "ctds_norm": 0.4855752088551798
  }
}