{
  "Test Name": "B6F0SL_4",
  "V_initial_mm_s": 0.638992377996954,
  "Deceleration_mm_s2": -0.004537082940516196,
  "Max Load_target_N": 2000.0,
  "Max Load_measured_N": 211.38234075,
  "WL_at_Max_Load_mm": 172.179,
  "Speed_Transition_mm": 32.487,
  "End_Weld_mm": 172.22100000000003,
  "Crack_Start_mm": NaN,
  "End_Crack_mm": 159.0,
  "End_Crack_detected_mm": 147.525,
  "End_Crack_measured_mm": 159.0,
  "L_weld_mm": 139.73400000000004,
  "L_crack_mm": 126.513,
  "Time_EndCrack_to_EndWeld_s": 88.00517646430255,
  "Weld_Area_PostCrack_mm2": 33.18272685000008,
  "Lower_Plate_Moved_UserCalc": 585.8037277447253,
  "Velocity_End_Crack_measured_mm_s": 0.0284893444320005,
  "Velocity_End_Crack_detected_mm_s": 0.0540890749098878,
  "Baseline_Slope_N_mm": 34.55676666666518,
  "Notes": "Full crack at peak load.",
  "Welding_Velocity_cm_min": 12.6,
  "Welding_Velocity_mm_s": 2.1,
  "CTDS_mm_s": 0.08492720059799258,
  "CTDS_norm": 0.27701800679949407,
  "CTDS_Source": "manual",
  "_ctds_fit": "{'side': 'left', 'ctds_norm': 0.43958030886613453, 'm': -1.1950008769527687, 'k': -0.6667182743749325, 'b': 0.9401234611405471, 'sse': 2.1620393943019067, 'n_points': 222, 'w1': -1.1950008769527687, 'b1': 0.9401234611405471, 'w2': 0.6667182743749325, 'b2': -0.29307622497642905, 'model': <function fit_ctds_from_normalized_curve.<locals>.model at 0x000001BF49C535E0>}",
  "_ctds_vel_min": 0.0005373515949325,
  "_ctds_vel_max": 0.305174042826855,
  "Preweld_T_avg_C": 31.537702866410214,
  "CTDS_fit": {
    "w1": -1.1950008769527687,
    "b1": 0.9401234611405471,
    "w2": 0.6667182743749325,
    "b2": -0.29307622497642905,
    "sse": 2.1620393943019067,
    "ctds_norm": 0.43958030886613453
  }
}