{
  "Test Name": "B6F0SL_3",
  "V_initial_mm_s": 0.6389962470422642,
  "Deceleration_mm_s2": -0.004549432596623505,
  "Max Load_target_N": 2000.0,
  "Max Load_measured_N": 432.22809875,
  "WL_at_Max_Load_mm": 171.738,
  "Speed_Transition_mm": 32.844,
  "End_Weld_mm": 172.662,
  "Crack_Start_mm": 104.83200000000001,
  "End_Crack_mm": 160.4,
  "End_Crack_detected_mm": 160.10399999999998,
  "End_Crack_measured_mm": 160.4,
  "L_weld_mm": 139.818,
  "L_crack_mm": 127.55600000000001,
  "Time_EndCrack_to_EndWeld_s": 81.64124701884931,
  "Weld_Area_PostCrack_mm2": 30.775780699999995,
  "Lower_Plate_Moved_UserCalc": 543.5730887940606,
  "Velocity_End_Crack_measured_mm_s": 0.0271623401235154,
  "Velocity_End_Crack_detected_mm_s": 0.0266707797459718,
  "Baseline_Slope_N_mm": 35.02374999999874,
  "Notes": "Full crack at peak load.",
  "Welding_Velocity_cm_min": 12.6,
  "Welding_Velocity_mm_s": 2.1,
  "CTDS_mm_s": 0.18879367990636706,
  "CTDS_norm": 0.6178101097439308,
  "CTDS_Source": "manual",
  "_ctds_fit": "{'side': 'left', 'ctds_norm': 0.566687423909545, 'm': -0.09449263924263325, 'k': 1.8534854722795768, 'b': 0.1043968307272611, 'sse': 0.154207358007872, 'n_points': 360, 'w1': -0.09449263924263325, 'b1': 0.1043968307272611, 'w2': -1.8534854722795768, 'b2': 1.0503469075398797, 'model': <function fit_ctds_from_normalized_curve.<locals>.model at 0x000001BF4959CA90>}",
  "_ctds_vel_min": 0.0003413368614041,
  "_ctds_vel_max": 0.305374129418121,
  "Preweld_T_avg_C": 27.221455759167824,
  "CTDS_fit": {
    "w1": -0.09449263924263325,
    "b1": 0.1043968307272611,
    "w2": -1.8534854722795768,
    "b2": 1.0503469075398797,
    "sse": 0.154207358007872,
    "ctds_norm": 0.566687423909545
  }
}