{
  "Test Name": "B6F0SL_2",
  "V_initial_mm_s": 0.6963802358350648,
  "Deceleration_mm_s2": -0.00867918316022213,
  "Max Load_target_N": 2000.0,
  "Max Load_measured_N": 429.9431493,
  "WL_at_Max_Load_mm": 177.849,
  "Speed_Transition_mm": 8.966999999999999,
  "End_Weld_mm": 177.891,
  "Crack_Start_mm": 90.95100000000001,
  "End_Crack_mm": 170.205,
  "End_Crack_detected_mm": 170.205,
  "End_Crack_measured_mm": NaN,
  "L_weld_mm": 168.92399999999998,
  "L_crack_mm": 161.238,
  "Time_EndCrack_to_EndWeld_s": 61.818413906477204,
  "Weld_Area_PostCrack_mm2": 19.290707099999945,
  "Lower_Plate_Moved_UserCalc": 497.20482668651374,
  "Velocity_End_Crack_measured_mm_s": 1.91235501304517e-05,
  "Velocity_End_Crack_detected_mm_s": 1.91235501304517e-05,
  "Baseline_Slope_N_mm": 8.405700000000396,
  "Notes": "Full crack at peak load.",
  "Welding_Velocity_cm_min": 12.6,
  "Welding_Velocity_mm_s": 2.1,
  "CTDS_mm_s": 0.024285738913804936,
  "CTDS_norm": 0.03605281182112897,
  "CTDS_Source": "manual",
  "_ctds_fit": "{'side': 'right', 'ctds_norm': 0.05, 'm': -35.02912107440678, 'k': 36.48782096987568, 'b': 0.4126748690707524, 'sse': 1.9208944637876249, 'n_points': 91, 'w1': -35.02912107440678, 'b1': 0.4126748690707524, 'w2': 36.48782096987568, 'b2': -1.824391048493784, 'model': <function fit_ctds_from_normalized_curve.<locals>.model at 0x000001BF3F822090>}",
  "_ctds_vel_min": -0.0015053271576437,
  "_ctds_vel_max": 0.713863731971709,
  "Preweld_T_avg_C": 23.013962748705445,
  "CTDS_fit": {
    "w1": -35.02912107440678,
    "b1": 0.4126748690707524,
    "w2": 36.48782096987568,
    "b2": -1.824391048493784,
    "sse": 1.9208944637876249,
    "ctds_norm": 0.05
  }
}