{
  "Test Name": "B6F0SL_5",
  "V_initial_mm_s": 0.5963550243016428,
  "Deceleration_mm_s2": -0.003030831668251375,
  "Max Load_target_N": 2000.0,
  "Max Load_measured_N": 384.2637736,
  "WL_at_Max_Load_mm": 175.43400000000003,
  "Speed_Transition_mm": 36.33,
  "End_Weld_mm": 175.93800000000002,
  "Crack_Start_mm": 75.726,
  "End_Crack_mm": 159.0,
  "End_Crack_detected_mm": 150.54900000000004,
  "End_Crack_measured_mm": 159.0,
  "L_weld_mm": 139.608,
  "L_crack_mm": 122.67,
  "Time_EndCrack_to_EndWeld_s": 168.90443906021886,
  "Weld_Area_PostCrack_mm2": 42.511839300000034,
  "Lower_Plate_Moved_UserCalc": 1684.3021333243098,
  "Velocity_End_Crack_measured_mm_s": 0.0232227160586256,
  "Velocity_End_Crack_detected_mm_s": 0.0367902562957896,
  "Baseline_Slope_N_mm": 36.424699999999085,
  "Notes": "Full crack at peak load.",
  "Welding_Velocity_cm_min": 12.6,
  "Welding_Velocity_mm_s": 2.1,
  "CTDS_mm_s": 0.08419005823771604,
  "CTDS_norm": 0.4109654928027754,
  "CTDS_Source": "manual",
  "_ctds_fit": "{'side': 'left', 'ctds_norm': 0.7104776031681617, 'm': 0.5787354425280843, 'k': 3.3334059893961303, 'b': -0.4123286422980783, 'sse': 0.4475372145943896, 'n_points': 220, 'w1': 0.5787354425280843, 'b1': -0.4123286422980783, 'w2': -3.3334059893961303, 'b2': 2.368310297732557, 'model': <function fit_ctds_from_normalized_curve.<locals>.model at 0x000001BF49A57AB0>}",
  "_ctds_vel_min": 0.0004430053023494,
  "_ctds_vel_max": 0.204224233658564,
  "Preweld_T_avg_C": 23.981337736822233,
  "CTDS_fit": {
    "w1": 0.5787354425280843,
    "b1": -0.4123286422980783,
    "w2": -3.3334059893961303,
    "b2": 2.368310297732557,
    "sse": 0.4475372145943896,
    "ctds_norm": 0.7104776031681617
  }
}