{
  "Test Name": "B6F0SL_H_12",
  "V_initial_mm_s": 0.6390020456497477,
  "Deceleration_mm_s2": -0.00453050793498392,
  "Max Load_target_N": 2000.0,
  "Max Load_measured_N": 118.96447115,
  "WL_at_Max_Load_mm": 172.704,
  "Speed_Transition_mm": 32.949,
  "End_Weld_mm": 172.746,
  "Crack_Start_mm": NaN,
  "End_Crack_mm": 159.7,
  "End_Crack_detected_mm": 155.82000000000002,
  "End_Crack_measured_mm": 159.7,
  "L_weld_mm": 139.79700000000003,
  "L_crack_mm": 126.75099999999999,
  "Time_EndCrack_to_EndWeld_s": 86.87355801266317,
  "Weld_Area_PostCrack_mm2": 32.74350310000005,
  "Lower_Plate_Moved_UserCalc": 578.4926476912111,
  "Velocity_End_Crack_measured_mm_s": 0.0279697693446978,
  "Velocity_End_Crack_detected_mm_s": 0.0345025245244773,
  "Baseline_Slope_N_mm": 35.49073333334397,
  "Notes": "Full crack at peak load.",
  "Welding_Velocity_cm_min": 12.6,
  "Welding_Velocity_mm_s": 2.1,
  "CTDS_mm_s": 0.08733927233325096,
  "CTDS_norm": 0.28538133275972716,
  "CTDS_Source": "manual",
  "_ctds_fit": "{'side': 'left', 'ctds_norm': 0.5020083682008368, 'm': -1.4441448193805642, 'k': -2.847647202205267, 'b': 1.3959650631879699, 'sse': 3.2790110632263803, 'n_points': 360, 'w1': -1.4441448193805642, 'b1': 1.3959650631879699, 'w2': 2.847647202205267, 'b2': -1.4295427251907444, 'model': <function fit_ctds_from_normalized_curve.<locals>.model at 0x000001BF49A35B10>}",
  "_ctds_vel_min": 0.0001964204484519,
  "_ctds_vel_max": 0.305552243977974,
  "Preweld_T_avg_C": 119.61266072672866,
  "CTDS_fit": {
    "w1": -1.4441448193805642,
    "b1": 1.3959650631879699,
    "w2": 2.847647202205267,
    "b2": -1.4295427251907444,
    "sse": 3.2790110632263803,
    "ctds_norm": 0.5020083682008368
  }
}