{
  "Test Name": "B6F5SL_20",
  "V_initial_mm_s": 0.5592109376211593,
  "Deceleration_mm_s2": -0.0022666892338572492,
  "Max Load_target_N": 2000.0,
  "Max Load_measured_N": 609.6205906,
  "WL_at_Max_Load_mm": 180.369,
  "Speed_Transition_mm": 40.677,
  "End_Weld_mm": 180.369,
  "Crack_Start_mm": 133.70700000000002,
  "End_Crack_mm": 132.5,
  "End_Crack_detected_mm": 122.619,
  "End_Crack_measured_mm": 132.5,
  "L_weld_mm": 139.692,
  "L_crack_mm": 91.82300000000001,
  "Time_EndCrack_to_EndWeld_s": 636.7326985986153,
  "Weld_Area_PostCrack_mm2": 120.14400964999997,
  "Lower_Plate_Moved_UserCalc": 8469.542490226977,
  "Velocity_End_Crack_measured_mm_s": 0.0526985464904219,
  "Velocity_End_Crack_detected_mm_s": 0.0618486526648253,
  "Baseline_Slope_N_mm": 2.8019000000000074,
  "Notes": "Full crack at peak load.",
  "Welding_Velocity_cm_min": 12.6,
  "Welding_Velocity_mm_s": 2.1,
  "CTDS_mm_s": 0.05501655719871595,
  "CTDS_norm": 0.35506575749744007,
  "CTDS_Source": "manual",
  "_ctds_fit": "{'side': 'right', 'ctds_norm': 0.315349574157078, 'm': -3.449797150415605, 'k': 2.9908157843857603, 'b': 1.2372195652736366, 'sse': 0.038483825424216876, 'n_points': 180, 'w1': -3.449797150415605, 'b1': 1.2372195652736366, 'w2': 2.9908157843857603, 'b2': -0.9431524839883166, 'model': <function fit_ctds_from_normalized_curve.<locals>.model at 0x000001BF49C538A0>}",
  "_ctds_vel_min": 0.000306293575098,
  "_ctds_vel_max": 0.154391170723558,
  "Preweld_T_avg_C": 41.08704730936344,
  "CTDS_fit": {
    "w1": -3.449797150415605,
    "b1": 1.2372195652736366,
    "w2": 2.9908157843857603,
    "b2": -0.9431524839883166,
    "sse": 0.038483825424216876,
    "ctds_norm": 0.315349574157078
  }
}