{
  "Test Name": "B6F5SL_25",
  "V_initial_mm_s": 0.5592045274149141,
  "Deceleration_mm_s2": -0.0022598828330552385,
  "Max Load_target_N": 2000.0,
  "Max Load_measured_N": 663.3610326,
  "WL_at_Max_Load_mm": 178.059,
  "Speed_Transition_mm": 38.388000000000005,
  "End_Weld_mm": 178.08000000000004,
  "Crack_Start_mm": 38.43,
  "End_Crack_mm": 134.2,
  "End_Crack_detected_mm": 129.36,
  "End_Crack_measured_mm": 134.2,
  "L_weld_mm": 139.69200000000004,
  "L_crack_mm": 95.81199999999998,
  "Time_EndCrack_to_EndWeld_s": 583.845553368469,
  "Weld_Area_PostCrack_mm2": 110.13221800000012,
  "Lower_Plate_Moved_UserCalc": 7768.359849319358,
  "Velocity_End_Crack_measured_mm_s": 0.0480175921421005,
  "Velocity_End_Crack_detected_mm_s": 0.0510940521896846,
  "Baseline_Slope_N_mm": 4.66983333333707,
  "Notes": "Full crack at peak load.",
  "Welding_Velocity_cm_min": 12.6,
  "Welding_Velocity_mm_s": 2.1,
  "CT_Row": "G",
  "CT_Protocol": "TMCA",
  "CT_L_surface_mm": 139.976,
  "CT_L_CT_mm": 143.287,
  "CT_Delta_CT_minus_surface_mm": 3.311,
  "CT_End_Crack_table_surface_pos_mm": 134.2,
  "CT_End_Crack_surface_used_mm": 134.2,
  "CT_End_Crack_corrected_pos_mm": 137.511,
  "CT_VNC_surface_interpolated_mm_s": 0.048017539963100694,
  "CT_VNC_corrected_interpolated_mm_s": 0.04384362886316643,
  "CT_Delta_VNC_recorded_mm_s": -0.004173911099934265,
  "CT_Delta_VNC_from_deceleration_mm_s": -0.003563081933450426,
  "CT_dVdx_recorded_s_inv": -0.0010761346824072564,
  "CT_deceleration_length_from_trace_mm": 278.7755147235993,
  "CT_Delta_VNC_recorded_minus_decel_mm_s": -0.0006108291664838387,
  "CT_Correction_Note": "Recorded-trace and constant-deceleration corrections differ; check coordinate origin, V_step row, and interpolation range.",
  "CTDS_mm_s": 0.05278440254038666,
  "CTDS_norm": 0.34188780454186757,
  "CTDS_Source": "manual",
  "_ctds_fit": "{'side': 'left', 'ctds_norm': 0.4655578567330432, 'm': -1.1537941187234897, 'k': -2.9158883679707595, 'b': 1.1445416277397256, 'sse': 10.670421043719223, 'n_points': 360, 'w1': -1.1537941187234897, 'b1': 1.1445416277397256, 'w2': 2.9158883679707595, 'b2': -1.357514739065278, 'model': <function fit_ctds_from_normalized_curve.<locals>.model at 0x000001BF413E8BF0>}",
  "_ctds_vel_min": 0.0003385118727466,
  "_ctds_vel_max": 0.153739393597434,
  "Preweld_T_avg_C": 34.001786009210036,
  "CTDS_fit": {
    "w1": -1.1537941187234897,
    "b1": 1.1445416277397256,
    "w2": 2.9158883679707595,
    "b2": -1.357514739065278,
    "sse": 10.670421043719223,
    "ctds_norm": 0.4655578567330432
  }
}