{
  "Test Name": "B6F5SL_24",
  "V_initial_mm_s": 0.6389991970091817,
  "Deceleration_mm_s2": -0.0045079478616157345,
  "Max Load_target_N": 2000.0,
  "Max Load_measured_N": 347.71438905,
  "WL_at_Max_Load_mm": 170.961,
  "Speed_Transition_mm": 32.823,
  "End_Weld_mm": 172.62,
  "Crack_Start_mm": 152.271,
  "End_Crack_mm": 148.4,
  "End_Crack_detected_mm": 131.712,
  "End_Crack_measured_mm": 148.4,
  "L_weld_mm": 139.797,
  "L_crack_mm": 115.577,
  "Time_EndCrack_to_EndWeld_s": 161.23211422535354,
  "Weld_Area_PostCrack_mm2": 60.78856699999999,
  "Lower_Plate_Moved_UserCalc": 1073.319350023842,
  "Velocity_End_Crack_measured_mm_s": 0.0531103423764445,
  "Velocity_End_Crack_detected_mm_s": 0.0862204434326867,
  "Baseline_Slope_N_mm": 1.8679333333328871,
  "Notes": "Full crack at peak load.",
  "Welding_Velocity_cm_min": 12.6,
  "Welding_Velocity_mm_s": 2.1,
  "CTDS_mm_s": 0.0908060281857491,
  "CTDS_norm": 0.2974137431584301,
  "CTDS_Source": "manual",
  "_ctds_fit": "{'side': 'right', 'ctds_norm': 0.5694016316592267, 'm': 1.073521834152508, 'k': -3.839998020730669, 'b': 0.1943176665031792, 'sse': 1.5040077641610707, 'n_points': 320, 'w1': 1.073521834152508, 'b1': 0.1943176665031792, 'w2': -3.839998020730669, 'b2': 2.186501138572244, 'model': <function fit_ctds_from_normalized_curve.<locals>.model at 0x000001BF49A36A30>}",
  "_ctds_vel_min": 0.000320781928638,
  "_ctds_vel_max": 0.304561081304818,
  "Preweld_T_avg_C": 30.167474209654063,
  "CTDS_fit": {
    "w1": 1.073521834152508,
    "b1": 0.1943176665031792,
    "w2": -3.839998020730669,
    "b2": 2.186501138572244,
    "sse": 1.5040077641610707,
    "ctds_norm": 0.5694016316592267
  }
}