{
  "Test Name": "B6F5SL_21",
  "V_initial_mm_s": 0.5592114034544258,
  "Deceleration_mm_s2": -0.002265850009050998,
  "Max Load_target_N": 2000.0,
  "Max Load_measured_N": 650.1220551,
  "WL_at_Max_Load_mm": 179.529,
  "Speed_Transition_mm": 39.9,
  "End_Weld_mm": 179.613,
  "Crack_Start_mm": 131.943,
  "End_Crack_mm": 129.4,
  "End_Crack_detected_mm": 131.25,
  "End_Crack_measured_mm": 129.4,
  "L_weld_mm": 139.713,
  "L_crack_mm": 89.5,
  "Time_EndCrack_to_EndWeld_s": 668.0609913043762,
  "Weld_Area_PostCrack_mm2": 126.02709804999996,
  "Lower_Plate_Moved_UserCalc": 8888.245834795489,
  "Velocity_End_Crack_measured_mm_s": 0.0548818572599874,
  "Velocity_End_Crack_detected_mm_s": 0.049891715580809,
  "Baseline_Slope_N_mm": 2.801899999999838,
  "Notes": "Full crack at peak load.",
  "Welding_Velocity_cm_min": 12.6,
  "Welding_Velocity_mm_s": 2.1,
  "CTDS_mm_s": 0.051847718748043406,
  "CTDS_norm": 0.33413042781167185,
  "CTDS_Source": "manual",
  "_ctds_fit": "{'side': 'left', 'ctds_norm': 0.3228197198471894, 'm': -0.036048155913100295, 'k': 4.385073422954312, 'b': 0.06986185538649861, 'sse': 0.4539590973489457, 'n_points': 220, 'w1': -0.036048155913100295, 'b1': 0.06986185538649861, 'w2': -4.385073422954312, 'b2': 1.4155881739074667, 'model': <function fit_ctds_from_normalized_curve.<locals>.model at 0x000001BF4121CBF0>}",
  "_ctds_vel_min": -6.51186268563218e-05,
  "_ctds_vel_max": 0.155301866998768,
  "Preweld_T_avg_C": 41.56342702875355,
  "CTDS_fit": {
    "w1": -0.036048155913100295,
    "b1": 0.06986185538649861,
    "w2": -4.385073422954312,
    "b2": 1.4155881739074667,
    "sse": 0.4539590973489457,
    "ctds_norm": 0.3228197198471894
  }
}