{
  "Test Name": "B6F5SL_18",
  "V_initial_mm_s": 0.6389954328741289,
  "Deceleration_mm_s2": -0.004534261776580304,
  "Max Load_target_N": 2000.0,
  "Max Load_measured_N": 205.1355047,
  "WL_at_Max_Load_mm": 171.40200000000002,
  "Speed_Transition_mm": 33.18,
  "End_Weld_mm": 172.977,
  "Crack_Start_mm": 126.35700000000001,
  "End_Crack_mm": 153.1,
  "End_Crack_detected_mm": 156.49200000000002,
  "End_Crack_measured_mm": 153.1,
  "L_weld_mm": 139.797,
  "L_crack_mm": 119.91999999999999,
  "Time_EndCrack_to_EndWeld_s": 132.32452719052904,
  "Weld_Area_PostCrack_mm2": 49.88828845000002,
  "Lower_Plate_Moved_UserCalc": 880.9066004023267,
  "Velocity_End_Crack_measured_mm_s": 0.0441199814218337,
  "Velocity_End_Crack_detected_mm_s": 0.0375733083964644,
  "Baseline_Slope_N_mm": 0.0,
  "Notes": "Full crack at peak load.",
  "Welding_Velocity_cm_min": 12.6,
  "Welding_Velocity_mm_s": 2.1,
  "CTDS_mm_s": 0.047375730266126716,
  "CTDS_norm": 0.15467313309626624,
  "CTDS_Source": "manual",
  "_ctds_fit": "{'side': 'right', 'ctds_norm': 0.3292781989110835, 'm': -5.608972670229484, 'k': 5.226811887334598, 'b': 2.0486123771794156, 'sse': 0.15447747762256245, 'n_points': 220, 'w1': -5.608972670229484, 'b1': 2.0486123771794156, 'w2': 5.226811887334598, 'b2': -1.7210752043085777, 'model': <function fit_ctds_from_normalized_curve.<locals>.model at 0x000001BF3F8B8880>}",
  "_ctds_vel_min": 6.39375352504577e-05,
  "_ctds_vel_max": 0.305946360576556,
  "Preweld_T_avg_C": 35.128063893224905,
  "CTDS_fit": {
    "w1": -5.608972670229484,
    "b1": 2.0486123771794156,
    "w2": 5.226811887334598,
    "b2": -1.7210752043085777,
    "sse": 0.15447747762256245,
    "ctds_norm": 0.3292781989110835
  }
}