{
  "Test Name": "B6F5SL_26",
  "V_initial_mm_s": 0.5592123777041127,
  "Deceleration_mm_s2": -0.0022708675410977714,
  "Max Load_target_N": 2000.0,
  "Max Load_measured_N": 881.3824754,
  "WL_at_Max_Load_mm": 178.626,
  "Speed_Transition_mm": 38.976,
  "End_Weld_mm": 178.71,
  "Crack_Start_mm": 104.496,
  "End_Crack_mm": 141.14,
  "End_Crack_detected_mm": 142.023,
  "End_Crack_measured_mm": 141.14,
  "L_weld_mm": 139.734,
  "L_crack_mm": 102.16399999999999,
  "Time_EndCrack_to_EndWeld_s": 499.9216615638558,
  "Weld_Area_PostCrack_mm2": 94.29506450000004,
  "Lower_Plate_Moved_UserCalc": 6652.160439200592,
  "Velocity_End_Crack_measured_mm_s": 0.0403531841090457,
  "Velocity_End_Crack_detected_mm_s": 0.0400357959054013,
  "Baseline_Slope_N_mm": 3.735866666666451,
  "Notes": "Full crack at peak load.",
  "Welding_Velocity_cm_min": 12.6,
  "Welding_Velocity_mm_s": 2.1,
  "CTDS_mm_s": 0.07046654804287344,
  "CTDS_norm": 0.4561026624488586,
  "CTDS_Source": "manual",
  "_ctds_fit": "{'side': 'left', 'ctds_norm': 0.5285989560739426, 'm': -0.1865611848867567, 'k': 2.3766316940836534, 'b': 0.40885783014975086, 'sse': 0.17290033838762103, 'n_points': 225, 'w1': -0.1865611848867567, 'b1': 0.40885783014975086, 'w2': -2.3766316940836534, 'b2': 1.256285032464865, 'model': <function fit_ctds_from_normalized_curve.<locals>.model at 0x000001BF49A368D0>}",
  "_ctds_vel_min": 0.0001306358336023,
  "_ctds_vel_max": 0.15434133881795,
  "Preweld_T_avg_C": 35.63317178698488,
  "CTDS_fit": {
    "w1": -0.1865611848867567,
    "b1": 0.40885783014975086,
    "w2": -2.3766316940836534,
    "b2": 1.256285032464865,
    "sse": 0.17290033838762103,
    "ctds_norm": 0.5285989560739426
  }
}