{
  "Test Name": "B6F5SL_19",
  "V_initial_mm_s": 0.6389974382253402,
  "Deceleration_mm_s2": -0.004543601924967462,
  "Max Load_target_N": 2000.0,
  "Max Load_measured_N": 311.2238444,
  "WL_at_Max_Load_mm": 173.145,
  "Speed_Transition_mm": 33.348,
  "End_Weld_mm": 173.166,
  "Crack_Start_mm": 90.237,
  "End_Crack_mm": 145.7,
  "End_Crack_detected_mm": 128.079,
  "End_Crack_measured_mm": 145.7,
  "L_weld_mm": 139.81799999999998,
  "L_crack_mm": 112.35199999999999,
  "Time_EndCrack_to_EndWeld_s": 182.8991253370184,
  "Weld_Area_PostCrack_mm2": 68.93554010000001,
  "Lower_Plate_Moved_UserCalc": 1217.94546162697,
  "Velocity_End_Crack_measured_mm_s": 0.061310349513939,
  "Velocity_End_Crack_detected_mm_s": 0.0983629981739864,
  "Baseline_Slope_N_mm": 1.8679333333341959,
  "Notes": "Full crack at peak load.",
  "Welding_Velocity_cm_min": 12.6,
  "Welding_Velocity_mm_s": 2.1,
  "CTDS_mm_s": 0.07294261027338941,
  "CTDS_norm": 0.23708263670338317,
  "CTDS_Source": "manual",
  "_ctds_fit": "{'side': 'right', 'ctds_norm': 0.4770011614726914, 'm': 0.4285458528371144, 'k': -0.8904135462253866, 'b': 0.014985075873729308, 'sse': 2.0315121983467734, 'n_points': 340, 'w1': 0.4285458528371144, 'b1': 0.014985075873729308, 'w2': -0.8904135462253866, 'b2': 0.4247282957405274, 'model': <function fit_ctds_from_normalized_curve.<locals>.model at 0x000001BF4959EF00>}",
  "_ctds_vel_min": 9.59736595725666e-05,
  "_ctds_vel_max": 0.307358612656439,
  "Preweld_T_avg_C": 40.41735818106509,
  "CTDS_fit": {
    "w1": 0.4285458528371144,
    "b1": 0.014985075873729308,
    "w2": -0.8904135462253866,
    "b2": 0.4247282957405274,
    "sse": 2.0315121983467734,
    "ctds_norm": 0.4770011614726914
  }
}