{
  "Test Name": "B7F0SL_H_10",
  "V_initial_mm_s": 0.6390032905372988,
  "Deceleration_mm_s2": -0.004544482793052274,
  "Max Load_target_N": 2000.0,
  "Max Load_measured_N": 543.5629962,
  "WL_at_Max_Load_mm": 172.263,
  "Speed_Transition_mm": 32.487,
  "End_Weld_mm": 172.305,
  "Crack_Start_mm": 32.487,
  "End_Crack_mm": 135.4,
  "End_Crack_detected_mm": 127.40700000000001,
  "End_Crack_measured_mm": 135.4,
  "L_weld_mm": 139.818,
  "L_crack_mm": 102.91300000000001,
  "Time_EndCrack_to_EndWeld_s": 245.72484084448115,
  "Weld_Area_PostCrack_mm2": 92.62601425,
  "Lower_Plate_Moved_UserCalc": 1636.111567756282,
  "Velocity_End_Crack_measured_mm_s": 0.0798322718257549,
  "Velocity_End_Crack_detected_mm_s": 0.0962978359342502,
  "Baseline_Slope_N_mm": 42.962466666694276,
  "Notes": "Full crack at peak load.",
  "Welding_Velocity_cm_min": 12.6,
  "Welding_Velocity_mm_s": 2.1,
  "CTDS_mm_s": 0.11030388471721604,
  "CTDS_norm": 0.3604622539750026,
  "CTDS_Source": "manual",
  "_ctds_fit": "{'side': 'left', 'ctds_norm': 0.6380196190929318, 'm': 0.24701926006427224, 'k': 0.810290253882936, 'b': -0.05773791242306501, 'sse': 0.32420501885082786, 'n_points': 360, 'w1': 0.24701926006427224, 'b1': -0.05773791242306501, 'w2': -0.810290253882936, 'b2': 0.5169810791371058, 'model': <function fit_ctds_from_normalized_curve.<locals>.model at 0x000001BF49A9C460>}",
  "_ctds_vel_min": 1.78750814247706e-05,
  "_ctds_vel_max": 0.305975040969422,
  "Preweld_T_avg_C": 119.77493783473969,
  "CTDS_fit": {
    "w1": 0.24701926006427224,
    "b1": -0.05773791242306501,
    "w2": -0.810290253882936,
    "b2": 0.5169810791371058,
    "sse": 0.32420501885082786,
    "ctds_norm": 0.6380196190929318
  }
}