{
  "Test Name": "B7F0SL_8",
  "V_initial_mm_s": 0.6390011129229672,
  "Deceleration_mm_s2": -0.004521566710864169,
  "Max Load_target_N": 2000.0,
  "Max Load_measured_N": 954.58911765,
  "WL_at_Max_Load_mm": 171.80100000000002,
  "Speed_Transition_mm": 32.046,
  "End_Weld_mm": 171.84300000000005,
  "Crack_Start_mm": 127.97400000000002,
  "End_Crack_mm": 132.2,
  "End_Crack_detected_mm": 128.058,
  "End_Crack_measured_mm": 132.2,
  "L_weld_mm": 139.79700000000005,
  "L_crack_mm": 100.154,
  "Time_EndCrack_to_EndWeld_s": 263.90917023369207,
  "Weld_Area_PostCrack_mm2": 99.49798355000014,
  "Lower_Plate_Moved_UserCalc": 1756.8814200094785,
  "Velocity_End_Crack_measured_mm_s": 0.0825375873889013,
  "Velocity_End_Crack_detected_mm_s": 0.0920896237868104,
  "Baseline_Slope_N_mm": 36.6581916666527,
  "Notes": "Full crack at peak load.",
  "Welding_Velocity_cm_min": 12.6,
  "Welding_Velocity_mm_s": 2.1,
  "CTDS_mm_s": 0.10259511456957886,
  "CTDS_norm": 0.33553455369387636,
  "CTDS_Source": "manual",
  "_ctds_fit": "{'side': 'left', 'ctds_norm': 0.7724080267558529, 'm': 1.3600012722134693, 'k': 2.00318038849407, 'b': -1.054719023200498, 'sse': 1.342252172167862, 'n_points': 1055, 'w1': 1.3600012722134693, 'b1': -1.054719023200498, 'w2': -2.00318038849407, 'b2': 1.5472726111127275, 'model': <function fit_ctds_from_normalized_curve.<locals>.model at 0x000001BF49A55D20>}",
  "_ctds_vel_min": 0.0003891806797739,
  "_ctds_vel_max": 0.304995465679715,
  "Preweld_T_avg_C": 31.774847951208354,
  "CTDS_fit": {
    "w1": 1.3600012722134693,
    "b1": -1.054719023200498,
    "w2": -2.00318038849407,
    "b2": 1.5472726111127275,
    "sse": 1.342252172167862,
    "ctds_norm": 0.7724080267558529
  }
}