{
  "Test Name": "B7F0SL_9",
  "V_initial_mm_s": 0.6389988576458848,
  "Deceleration_mm_s2": -0.0045272705983185856,
  "Max Load_target_N": 2000.0,
  "Max Load_measured_N": 1589.09898595,
  "WL_at_Max_Load_mm": 170.94000000000003,
  "Speed_Transition_mm": 31.625999999999998,
  "End_Weld_mm": 171.42300000000003,
  "Crack_Start_mm": 102.48,
  "End_Crack_mm": 129.2,
  "End_Crack_detected_mm": 102.543,
  "End_Crack_measured_mm": 129.2,
  "L_weld_mm": 139.79700000000003,
  "L_crack_mm": 97.57399999999998,
  "Time_EndCrack_to_EndWeld_s": 281.0845630672477,
  "Weld_Area_PostCrack_mm2": 105.97339655000009,
  "Lower_Plate_Moved_UserCalc": 1871.220225817812,
  "Velocity_End_Crack_measured_mm_s": 0.0905258131271352,
  "Velocity_End_Crack_detected_mm_s": 0.141540296961613,
  "Baseline_Slope_N_mm": 50.90118333329705,
  "Notes": "Full crack at peak load.",
  "Welding_Velocity_cm_min": 12.6,
  "Welding_Velocity_mm_s": 2.1,
  "CTDS_mm_s": 0.143946449247406,
  "CTDS_norm": 0.470845166648805,
  "CTDS_Source": "manual",
  "_ctds_fit": "{'side': 'right', 'ctds_norm': 0.43274947173983014, 'm': -2.8207453487361396, 'k': 2.3244230728720283, 'b': 1.3600156516142143, 'sse': 0.05005936293296903, 'n_points': 229, 'w1': -2.8207453487361396, 'b1': 1.3600156516142143, 'w2': 2.3244230728720283, 'b2': -1.005892856885243, 'model': <function fit_ctds_from_normalized_curve.<locals>.model at 0x000001BF4AB91850>}",
  "_ctds_vel_min": 0.0006078643706112,
  "_ctds_vel_max": 0.30503614574598,
  "Preweld_T_avg_C": 27.30282354071362,
  "CTDS_fit": {
    "w1": -2.8207453487361396,
    "b1": 1.3600156516142143,
    "w2": 2.3244230728720283,
    "b2": -1.005892856885243,
    "sse": 0.05005936293296903,
    "ctds_norm": 0.43274947173983014
  }
}