{
  "Test Name": "B7F0SL_7",
  "V_initial_mm_s": 0.6389966366976549,
  "Deceleration_mm_s2": -0.004527119889158185,
  "Max Load_target_N": 2000.0,
  "Max Load_measured_N": 421.59769015,
  "WL_at_Max_Load_mm": 171.99,
  "Speed_Transition_mm": 32.298,
  "End_Weld_mm": 172.074,
  "Crack_Start_mm": 112.74900000000001,
  "End_Crack_mm": 149.7,
  "End_Crack_detected_mm": 145.656,
  "End_Crack_measured_mm": 149.7,
  "L_weld_mm": 139.776,
  "L_crack_mm": 117.40199999999999,
  "Time_EndCrack_to_EndWeld_s": 148.92589301806035,
  "Weld_Area_PostCrack_mm2": 56.155383900000054,
  "Lower_Plate_Moved_UserCalc": 991.2810231173116,
  "Velocity_End_Crack_measured_mm_s": 0.0495908185042265,
  "Velocity_End_Crack_detected_mm_s": 0.0554358227519815,
  "Baseline_Slope_N_mm": 35.023749999987736,
  "Notes": "Full crack at peak load.",
  "Welding_Velocity_cm_min": 12.6,
  "Welding_Velocity_mm_s": 2.1,
  "CTDS_mm_s": 0.09824617981717078,
  "CTDS_norm": 0.32159949583146963,
  "CTDS_Source": "manual",
  "_ctds_fit": "{'side': 'left', 'ctds_norm': 0.6194871328416899, 'm': 0.1666491353831365, 'k': 2.1550837640953273, 'b': -0.06956794818006769, 'sse': 0.24160743638134324, 'n_points': 224, 'w1': 0.1666491353831365, 'b1': -0.06956794818006769, 'w2': -2.1550837640953273, 'b2': 1.3350466620530912, 'model': <function fit_ctds_from_normalized_curve.<locals>.model at 0x000001BF49A9DC70>}",
  "_ctds_vel_min": 0.0002333281839032,
  "_ctds_vel_max": 0.30500013566867,
  "Preweld_T_avg_C": 29.73593959761196,
  "CTDS_fit": {
    "w1": 0.1666491353831365,
    "b1": -0.06956794818006769,
    "w2": -2.1550837640953273,
    "b2": 1.3350466620530912,
    "sse": 0.24160743638134324,
    "ctds_norm": 0.6194871328416899
  }
}