{
  "Test Name": "B7F0SL_H_11",
  "V_initial_mm_s": 0.6390004169934387,
  "Deceleration_mm_s2": -0.004537806927923467,
  "Max Load_target_N": 2000.0,
  "Max Load_measured_N": 706.4906793,
  "WL_at_Max_Load_mm": 172.11599999999999,
  "Speed_Transition_mm": 32.928,
  "End_Weld_mm": 172.746,
  "Crack_Start_mm": 118.86,
  "End_Crack_mm": 152.2,
  "End_Crack_detected_mm": 119.049,
  "End_Crack_measured_mm": 152.2,
  "L_weld_mm": 139.818,
  "L_crack_mm": 119.27199999999999,
  "Time_EndCrack_to_EndWeld_s": 136.80161960561608,
  "Weld_Area_PostCrack_mm2": 51.56737810000005,
  "Lower_Plate_Moved_UserCalc": 910.8674742879228,
  "Velocity_End_Crack_measured_mm_s": 0.0440211843592647,
  "Velocity_End_Crack_detected_mm_s": 0.113641326072333,
  "Baseline_Slope_N_mm": 45.7643666666815,
  "Notes": "Full crack at peak load.",
  "Welding_Velocity_cm_min": 12.6,
  "Welding_Velocity_mm_s": 2.1,
  "CTDS_mm_s": 0.14885105285519812,
  "CTDS_norm": 0.48713820288810267,
  "CTDS_Source": "manual",
  "_ctds_fit": "{'side': 'right', 'ctds_norm': 0.3848519650739653, 'm': -1.9720773252630928, 'k': 1.5792421205618172, 'b': 0.9845176035325833, 'sse': 0.029390900089563934, 'n_points': 192, 'w1': -1.9720773252630928, 'b1': 0.9845176035325833, 'w2': 1.5792421205618172, 'b2': -0.6077744334257914, 'model': <function fit_ctds_from_normalized_curve.<locals>.model at 0x000001BF3F8EE820>}",
  "_ctds_vel_min": 0.0001830481804823,
  "_ctds_vel_max": 0.305369551298706,
  "Preweld_T_avg_C": 119.99826738800718,
  "CTDS_fit": {
    "w1": -1.9720773252630928,
    "b1": 0.9845176035325833,
    "w2": 1.5792421205618172,
    "b2": -0.6077744334257914,
    "sse": 0.029390900089563934,
    "ctds_norm": 0.3848519650739653
  }
}