{
  "Test Name": "B7F0SL_27",
  "V_initial_mm_s": 0.6390006378861034,
  "Deceleration_mm_s2": -0.004532690627034565,
  "Max Load_target_N": 2000.0,
  "Max Load_measured_N": 407.37804765,
  "WL_at_Max_Load_mm": 172.80900000000003,
  "Speed_Transition_mm": 33.075,
  "End_Weld_mm": 172.80900000000003,
  "Crack_Start_mm": NaN,
  "End_Crack_mm": 150.9,
  "End_Crack_detected_mm": 153.95100000000002,
  "End_Crack_measured_mm": 150.9,
  "L_weld_mm": 139.73400000000004,
  "L_crack_mm": 117.825,
  "Time_EndCrack_to_EndWeld_s": 145.80620754730646,
  "Weld_Area_PostCrack_mm2": 54.98830365000004,
  "Lower_Plate_Moved_UserCalc": 970.3523738796014,
  "Velocity_End_Crack_measured_mm_s": 0.0498275008804263,
  "Velocity_End_Crack_detected_mm_s": 0.0392426592879183,
  "Baseline_Slope_N_mm": -7.004749999999765,
  "Notes": "Full crack at peak load.",
  "Welding_Velocity_cm_min": 12.6,
  "Welding_Velocity_mm_s": 2.1,
  "CT_Row": "C",
  "CT_Protocol": "TMCA",
  "CT_L_surface_mm": 155.561,
  "CT_L_CT_mm": 158.936,
  "CT_Delta_CT_minus_surface_mm": 3.375,
  "CT_End_Crack_table_surface_pos_mm": 150.9,
  "CT_End_Crack_surface_used_mm": 150.9,
  "CT_End_Crack_corrected_pos_mm": 154.275,
  "CT_VNC_surface_interpolated_mm_s": 0.04943668311600865,
  "CT_VNC_corrected_interpolated_mm_s": 0.04188796807784284,
  "CT_Delta_VNC_recorded_mm_s": -0.007548715038165808,
  "CT_Delta_VNC_from_deceleration_mm_s": -0.007284681364876979,
  "CT_dVdx_recorded_s_inv": -0.0021584241081116975,
  "CT_deceleration_length_from_trace_mm": 138.99029336845933,
  "CT_Delta_VNC_recorded_minus_decel_mm_s": -0.0002640336732888295,
  "CT_Correction_Note": "",
  "CTDS_mm_s": 0.141629461191559,
  "CTDS_norm": 0.4621993594937806,
  "CTDS_Source": "manual",
  "_ctds_fit": "{'side': 'left', 'ctds_norm': 0.6412322805446328, 'm': -2.676210818367833, 'k': -4.45184465941929, 'b': 2.2511876211769035, 'sse': 1.373387443681675, 'n_points': 220, 'w1': -2.676210818367833, 'b1': 2.2511876211769035, 'w2': 4.45184465941929, 'b2': -2.8546665035898755, 'model': <function fit_ctds_from_normalized_curve.<locals>.model at 0x000001BF49ADD170>}",
  "_ctds_vel_min": 0.0003272103099864,
  "_ctds_vel_max": 0.306044316963558,
  "Preweld_T_avg_C": 23.808279361946926,
  "CTDS_fit": {
    "w1": -2.676210818367833,
    "b1": 2.2511876211769035,
    "w2": 4.45184465941929,
    "b2": -2.8546665035898755,
    "sse": 1.373387443681675,
    "ctds_norm": 0.6412322805446328
  }
}