{
  "Test Name": "B7F0SL_28",
  "V_initial_mm_s": 0.6389983261355997,
  "Deceleration_mm_s2": -0.004533342480755628,
  "Max Load_target_N": 2000.0,
  "Max Load_measured_N": 754.63152415,
  "WL_at_Max_Load_mm": 128.793,
  "Speed_Transition_mm": 32.550000000000004,
  "End_Weld_mm": 172.305,
  "Crack_Start_mm": 94.60500000000002,
  "End_Crack_mm": 149.27,
  "End_Crack_detected_mm": 106.23900000000002,
  "End_Crack_measured_mm": 149.27,
  "L_weld_mm": 139.755,
  "L_crack_mm": 116.72,
  "Time_EndCrack_to_EndWeld_s": 153.32497414761755,
  "Weld_Area_PostCrack_mm2": 57.81439474999998,
  "Lower_Plate_Moved_UserCalc": 1020.5577467926023,
  "Velocity_End_Crack_measured_mm_s": 0.0497409663619248,
  "Velocity_End_Crack_detected_mm_s": 0.143120227956151,
  "Baseline_Slope_N_mm": -5.136816666665947,
  "Notes": "Full crack at peak load.",
  "Welding_Velocity_cm_min": 12.6,
  "Welding_Velocity_mm_s": 2.1,
  "CTDS_mm_s": 0.13492395945800154,
  "CTDS_norm": 0.4414675806451613,
  "CTDS_Source": "manual",
  "_ctds_fit": "{'side': 'right', 'ctds_norm': 0.5296284686752215, 'm': -3.4289367510716406, 'k': 2.7254432617246684, 'b': 2.0560051061028113, 'sse': 0.5474846165125742, 'n_points': 320, 'w1': -3.4289367510716406, 'b1': 2.0560051061028113, 'w2': 2.7254432617246684, 'b2': -1.4434723411684371, 'model': <function fit_ctds_from_normalized_curve.<locals>.model at 0x000001BF4AB924B0>}",
  "_ctds_vel_min": 0.000454938537134,
  "_ctds_vel_max": 0.305050398807069,
  "Preweld_T_avg_C": 27.911794267005867,
  "CTDS_fit": {
    "w1": -3.4289367510716406,
    "b1": 2.0560051061028113,
    "w2": 2.7254432617246684,
    "b2": -1.4434723411684371,
    "sse": 0.5474846165125742,
    "ctds_norm": 0.5296284686752215
  }
}