{
  "Test Name": "B7F5SL_16",
  "V_initial_mm_s": 0.6389972295883992,
  "Deceleration_mm_s2": -0.0045336413506793585,
  "Max Load_target_N": 2000.0,
  "Max Load_measured_N": 776.57880685,
  "WL_at_Max_Load_mm": 124.509,
  "Speed_Transition_mm": 33.306000000000004,
  "End_Weld_mm": 173.08200000000002,
  "Crack_Start_mm": 84.21000000000001,
  "End_Crack_mm": 146.2,
  "End_Crack_detected_mm": 101.976,
  "End_Crack_measured_mm": 146.2,
  "L_weld_mm": 139.776,
  "L_crack_mm": 112.89399999999998,
  "Time_EndCrack_to_EndWeld_s": 178.9324212920552,
  "Weld_Area_PostCrack_mm2": 67.46978770000008,
  "Lower_Plate_Moved_UserCalc": 1191.0129971519043,
  "Velocity_End_Crack_measured_mm_s": 0.0589636678532254,
  "Velocity_End_Crack_detected_mm_s": 0.150472949435038,
  "Baseline_Slope_N_mm": 4.669833333342937,
  "Notes": "Full crack at peak load.",
  "Welding_Velocity_cm_min": 12.6,
  "Welding_Velocity_mm_s": 2.1,
  "CTDS_mm_s": 0.07655727012382021,
  "CTDS_norm": 0.2505526356677794,
  "CTDS_Source": "manual",
  "_ctds_fit": "{'side': 'left', 'ctds_norm': 0.34885396265315527, 'm': -3.8995014366789302, 'k': -12.660686715731915, 'b': 2.3198485656128813, 'sse': 1.0471355204187567, 'n_points': 180, 'w1': -3.8995014366789302, 'b1': 2.3198485656128813, 'w2': 12.660686715731915, 'b2': -4.41673073069324, 'model': <function fit_ctds_from_normalized_curve.<locals>.model at 0x000001BF4121EAE0>}",
  "_ctds_vel_min": 0.0002302187625921,
  "_ctds_vel_max": 0.304865015989128,
  "Preweld_T_avg_C": 38.78138195088035,
  "CTDS_fit": {
    "w1": -3.8995014366789302,
    "b1": 2.3198485656128813,
    "w2": 12.660686715731915,
    "b2": -4.41673073069324,
    "sse": 1.0471355204187567,
    "ctds_norm": 0.34885396265315527
  }
}