{
  "Test Name": "B7F5SL_17",
  "V_initial_mm_s": 0.6389989473062248,
  "Deceleration_mm_s2": -0.004540808687279603,
  "Max Load_target_N": 2000.0,
  "Max Load_measured_N": 886.53096665,
  "WL_at_Max_Load_mm": 172.41,
  "Speed_Transition_mm": 32.634,
  "End_Weld_mm": 172.431,
  "Crack_Start_mm": 71.862,
  "End_Crack_mm": 137.5,
  "End_Crack_detected_mm": 129.40200000000002,
  "End_Crack_measured_mm": 137.5,
  "L_weld_mm": 139.79700000000003,
  "L_crack_mm": 104.866,
  "Time_EndCrack_to_EndWeld_s": 232.54731728858494,
  "Weld_Area_PostCrack_mm2": 87.67157035000002,
  "Lower_Plate_Moved_UserCalc": 1548.1450510468574,
  "Velocity_End_Crack_measured_mm_s": 0.0764443150254811,
  "Velocity_End_Crack_detected_mm_s": 0.0940073871049206,
  "Baseline_Slope_N_mm": 6.070783333332062,
  "Notes": "Full crack at peak load.",
  "Welding_Velocity_cm_min": 12.6,
  "Welding_Velocity_mm_s": 2.1,
  "CTDS_mm_s": 0.09625174201581646,
  "CTDS_norm": 0.31479658757741863,
  "CTDS_Source": "manual",
  "_ctds_fit": "{'side': 'left', 'ctds_norm': 0.5831772575250836, 'm': -0.5802363927614876, 'k': -0.5488145513360072, 'b': 0.525149440601125, 'sse': 3.0098959534317387, 'n_points': 360, 'w1': -0.5802363927614876, 'b1': 0.525149440601125, 'w2': 0.5488145513360072, 'b2': -0.32005616493799194, 'model': <function fit_ctds_from_normalized_curve.<locals>.model at 0x000001BF49AD83B0>}",
  "_ctds_vel_min": 0.0003390244478498,
  "_ctds_vel_max": 0.305020591379952,
  "Preweld_T_avg_C": 40.61711886070414,
  "CTDS_fit": {
    "w1": -0.5802363927614876,
    "b1": 0.525149440601125,
    "w2": 0.5488145513360072,
    "b2": -0.32005616493799194,
    "sse": 3.0098959534317387,
    "ctds_norm": 0.5831772575250836
  }
}