{
  "Test Name": "B7F5SL_22",
  "V_initial_mm_s": 0.6390037830689246,
  "Deceleration_mm_s2": -0.0045441509403515825,
  "Max Load_target_N": 2000.0,
  "Max Load_measured_N": 1291.0650858,
  "WL_at_Max_Load_mm": 172.494,
  "Speed_Transition_mm": 32.760000000000005,
  "End_Weld_mm": 172.57800000000003,
  "Crack_Start_mm": 105.441,
  "End_Crack_mm": 133.6,
  "End_Crack_detected_mm": 96.159,
  "End_Crack_measured_mm": 133.6,
  "L_weld_mm": 139.81800000000004,
  "L_crack_mm": 100.83999999999999,
  "Time_EndCrack_to_EndWeld_s": 259.52090028259994,
  "Weld_Area_PostCrack_mm2": 97.82893330000007,
  "Lower_Plate_Moved_UserCalc": 1727.9259501126562,
  "Velocity_End_Crack_measured_mm_s": 0.0851680670922688,
  "Velocity_End_Crack_detected_mm_s": 0.167379113731868,
  "Baseline_Slope_N_mm": 6.3042749999995635,
  "Notes": "Full crack at peak load.",
  "Welding_Velocity_cm_min": 12.6,
  "Welding_Velocity_mm_s": 2.1,
  "CTDS_mm_s": 0.15792891926174718,
  "CTDS_norm": 0.5173581167513303,
  "CTDS_Source": "manual",
  "_ctds_fit": "{'side': 'left', 'ctds_norm': 0.511330096136354, 'm': 1.2183699282589646, 'k': 3.102325095034452, 'b': -0.5967801015320507, 'sse': 0.23689041460353172, 'n_points': 220, 'w1': 1.2183699282589646, 'b1': -0.5967801015320507, 'w2': -3.102325095034452, 'b2': 1.58631218909019, 'model': <function fit_ctds_from_normalized_curve.<locals>.model at 0x000001BF49ADB690>}",
  "_ctds_vel_min": 0.0005155555504816,
  "_ctds_vel_max": 0.304779388695148,
  "Preweld_T_avg_C": 22.81778913471264,
  "CTDS_fit": {
    "w1": 1.2183699282589646,
    "b1": -0.5967801015320507,
    "w2": -3.102325095034452,
    "b2": 1.58631218909019,
    "sse": 0.23689041460353172,
    "ctds_norm": 0.511330096136354
  }
}