{
  "Test Name": "B7F5SL_23",
  "V_initial_mm_s": 0.6390019279772435,
  "Deceleration_mm_s2": -0.004532980283891714,
  "Max Load_target_N": 2000.0,
  "Max Load_measured_N": 1480.77473005,
  "WL_at_Max_Load_mm": 171.80100000000002,
  "Speed_Transition_mm": 32.088,
  "End_Weld_mm": 171.88500000000002,
  "Crack_Start_mm": 124.84500000000001,
  "End_Crack_mm": 130.0,
  "End_Crack_detected_mm": 123.18599999999999,
  "End_Crack_measured_mm": 130.0,
  "L_weld_mm": 139.79700000000003,
  "L_crack_mm": 97.912,
  "Time_EndCrack_to_EndWeld_s": 278.8899022232358,
  "Weld_Area_PostCrack_mm2": 105.12506725000004,
  "Lower_Plate_Moved_UserCalc": 1856.9792900104096,
  "Velocity_End_Crack_measured_mm_s": 0.088398442048285,
  "Velocity_End_Crack_detected_mm_s": 0.107595632745779,
  "Baseline_Slope_N_mm": 6.070783333329975,
  "Notes": "Full crack at peak load.",
  "Welding_Velocity_cm_min": 12.6,
  "Welding_Velocity_mm_s": 2.1,
  "CTDS_mm_s": 0.13746994585673716,
  "CTDS_norm": 0.44606263068114455,
  "CTDS_Source": "manual",
  "_ctds_fit": "{'side': 'left', 'ctds_norm': 0.539795692755489, 'm': -0.4311219204311319, 'k': 0.966578967053818, 'b': 0.3921240893229907, 'sse': 0.44474673627667494, 'n_points': 360, 'w1': -0.4311219204311319, 'b1': 0.3921240893229907, 'w2': -0.966578967053818, 'b2': 0.5217551631237006, 'model': <function fit_ctds_from_normalized_curve.<locals>.model at 0x000001BF4121EDA0>}",
  "_ctds_vel_min": 0.0006428621975894,
  "_ctds_vel_max": 0.307386969970551,
  "Preweld_T_avg_C": 28.449756249567375,
  "CTDS_fit": {
    "w1": -0.4311219204311319,
    "b1": 0.3921240893229907,
    "w2": -0.966578967053818,
    "b2": 0.5217551631237006,
    "sse": 0.44474673627667494,
    "ctds_norm": 0.539795692755489
  }
}