{
  "Test Name": "B7FT7SL_14",
  "V_initial_mm_s": 0.6390001311729008,
  "Deceleration_mm_s2": -0.004549142048088097,
  "Max Load_target_N": 2000.0,
  "Max Load_measured_N": 1387.21928905,
  "WL_at_Max_Load_mm": 172.662,
  "Speed_Transition_mm": 32.907,
  "End_Weld_mm": 172.70400000000004,
  "Crack_Start_mm": 95.48700000000002,
  "End_Crack_mm": 128.0,
  "End_Crack_detected_mm": 95.44500000000001,
  "End_Crack_measured_mm": 128.0,
  "L_weld_mm": 139.79700000000003,
  "L_crack_mm": 95.093,
  "Time_EndCrack_to_EndWeld_s": 297.6903602889462,
  "Weld_Area_PostCrack_mm2": 112.20033440000007,
  "Lower_Plate_Moved_UserCalc": 1982.3628894274004,
  "Velocity_End_Crack_measured_mm_s": 0.0944110322934733,
  "Velocity_End_Crack_detected_mm_s": 0.157885898718522,
  "Baseline_Slope_N_mm": 18.21234999999128,
  "Notes": "Full crack at peak load.",
  "Welding_Velocity_cm_min": 12.6,
  "Welding_Velocity_mm_s": 2.1,
  "CTDS_mm_s": 0.1673597471746673,
  "CTDS_norm": 0.5470702757710505,
  "CTDS_Source": "manual",
  "_ctds_fit": "{'side': 'left', 'ctds_norm': 0.48192468619246864, 'm': -0.27238923844691054, 'k': 1.9962644484048795, 'b': 0.25074160391502515, 'sse': 0.24734684882715877, 'n_points': 360, 'w1': -0.27238923844691054, 'b1': 0.25074160391502515, 'w2': -1.9962644484048795, 'b2': 0.962049117854703, 'model': <function fit_ctds_from_normalized_curve.<locals>.model at 0x000001BF49A54510>}",
  "_ctds_vel_min": 0.0005263199892694,
  "_ctds_vel_max": 0.305484265200714,
  "Preweld_T_avg_C": 35.26072353284888,
  "CTDS_fit": {
    "w1": -0.27238923844691054,
    "b1": 0.25074160391502515,
    "w2": -1.9962644484048795,
    "b2": 0.962049117854703,
    "sse": 0.24734684882715877,
    "ctds_norm": 0.48192468619246864
  }
}