{
  "Test Name": "B7FT7SL_15",
  "V_initial_mm_s": 0.6390038681559033,
  "Deceleration_mm_s2": -0.004534259097937976,
  "Max Load_target_N": 2000.0,
  "Max Load_measured_N": 1215.42639435,
  "WL_at_Max_Load_mm": 173.208,
  "Speed_Transition_mm": 33.495000000000005,
  "End_Weld_mm": 173.271,
  "Crack_Start_mm": 102.56400000000001,
  "End_Crack_mm": 130.9,
  "End_Crack_detected_mm": 102.816,
  "End_Crack_measured_mm": 130.9,
  "L_weld_mm": 139.77599999999998,
  "L_crack_mm": 97.405,
  "Time_EndCrack_to_EndWeld_s": 282.03352768966414,
  "Weld_Area_PostCrack_mm2": 106.34485434999995,
  "Lower_Plate_Moved_UserCalc": 1877.2960454338247,
  "Velocity_End_Crack_measured_mm_s": 0.0917884978936497,
  "Velocity_End_Crack_detected_mm_s": 0.154931942227946,
  "Baseline_Slope_N_mm": 6.070783333332083,
  "Notes": "Full crack at peak load.",
  "Welding_Velocity_cm_min": 12.6,
  "Welding_Velocity_mm_s": 2.1,
  "CTDS_mm_s": 0.13958826478817096,
  "CTDS_norm": 0.4566976398018414,
  "CTDS_Source": "manual",
  "_ctds_fit": "{'side': 'left', 'ctds_norm': 0.4548759463203706, 'm': -0.05306168623471676, 'k': 2.36234248299664, 'b': 0.04964974480835818, 'sse': 0.03657426128629217, 'n_points': 360, 'w1': -0.05306168623471676, 'b1': 0.04964974480835818, 'w2': -2.36234248299664, 'b2': 1.0745727724859107, 'model': <function fit_ctds_from_normalized_curve.<locals>.model at 0x000001BF49C52A30>}",
  "_ctds_vel_min": 0.0004892145345072,
  "_ctds_vel_max": 0.305065017277911,
  "Preweld_T_avg_C": 39.72074444370068,
  "CTDS_fit": {
    "w1": -0.05306168623471676,
    "b1": 0.04964974480835818,
    "w2": -2.36234248299664,
    "b2": 1.0745727724859107,
    "sse": 0.03657426128629217,
    "ctds_norm": 0.4548759463203706
  }
}