{
  "B6F0SL_2": {
    "ctds_mm_s": 0.024285738913804936,
    "ctds_norm": 0.03605281182112897,
    "segments": [
      [
        [
          0.0019638795740238003,
          0.39590870855443855
        ],
        [
          0.0022370024494497145,
          0.39281926005341905
        ]
      ],
      [
        [
          0.9704661842354365,
          0.012666456221102677
        ],
        [
          0.9912188008208171,
          0.01271880537176048
        ]
      ]
    ]
  },
  "B6F0SL_3": {
    "ctds_mm_s": 0.18879367990636706,
    "ctds_norm": 0.6178101097439308,
    "segments": [
      [
        [
          0.1440524193548387,
          0.714706751366524
        ],
        [
          0.6247479838709677,
          -0.001794947555030263
        ]
      ],
      [
        [
          0.397429435483871,
          0.008546314078889061
        ],
        [
          1.0139616935483873,
          0.008546314078889061
        ]
      ]
    ]
  },
  "B6F0SL_4": {
    "ctds_mm_s": 0.08492720059799258,
    "ctds_norm": 0.27701800679949407,
    "segments": [
      [
        [
          0.06088709677419357,
          0.8107327522529177
        ],
        [
          0.2676915322580645,
          0.057297976067365974
        ]
      ],
      [
        [
          0.04536290322580644,
          0.023319544984488128
        ],
        [
          1.0117439516129032,
          0.023319544984488128
        ]
      ]
    ]
  },
  "B6F0SL_5": {
    "ctds_mm_s": 0.08419005823771604,
    "ctds_norm": 0.4109654928027754,
    "segments": [
      [
        [
          0.03815524193548386,
          0.9658516767617078
        ],
        [
          0.40740927419354844,
          0.0454793913428867
        ]
      ],
      [
        [
          0.10801411290322582,
          0.03661545279952727
        ],
        [
          1.0039818548387096,
          0.03661545279952727
        ]
      ]
    ]
  },
  "B6F0SL_6": {
    "ctds_mm_s": 0.05856784680903703,
    "ctds_norm": 0.5694685328512513,
    "segments": [
      [
        [
          0.14737903225806454,
          0.8461885064263555
        ],
        [
          0.5936995967741936,
          0.0026370217166494514
        ]
      ],
      [
        [
          0.3170362903225806,
          0.048434037524006546
        ],
        [
          1.0084173387096773,
          0.048434037524006546
        ]
      ]
    ]
  },
  "B6F0SL_H_12": {
    "ctds_mm_s": 0.08733927233325096,
    "ctds_norm": 0.28538133275972716,
    "segments": [
      [
        [
          0.021522177419354832,
          0.838801890973556
        ],
        [
          0.31869959677419357,
          0.021842221893928232
        ]
      ],
      [
        [
          0.03357312332778034,
          0.11343625350864234
        ],
        [
          1.0172883064516127,
          0.11343625350864234
        ]
      ]
    ]
  },
  "B6F0SL_H_13": {
    "ctds_mm_s": 0.09415928186413988,
    "ctds_norm": 0.3081510084115263,
    "segments": [
      [
        [
          0.034828629032258085,
          0.8343699217018763
        ],
        [
          0.34198588709677424,
          -0.023954793913428835
        ]
      ],
      [
        [
          0.1916638370118846,
          0.07059388388240512
        ],
        [
          1.016179435483871,
          0.07059388388240512
        ]
      ]
    ]
  },
  "B6F5SL_18": {
    "ctds_mm_s": 0.047375730266126716,
    "ctds_norm": 0.15467313309626624,
    "segments": [
      [
        [
          0.04425403225806451,
          0.9126680455015512
        ],
        [
          0.15957661290322583,
          -0.025432117003988758
        ]
      ],
      [
        [
          0.06864919354838711,
          0.014455606441128699
        ],
        [
          0.9524193548387098,
          0.014455606441128699
        ]
      ]
    ]
  },
  "B6F5SL_19": {
    "ctds_mm_s": 0.07294261027338941,
    "ctds_norm": 0.23708263670338317,
    "segments": [
      [
        [
          0.0786290322580645,
          0.8580070911508348
        ],
        [
          0.24551411290322583,
          0.010023637169448985
        ]
      ],
      [
        [
          0.04037298387096777,
          0.05286600679568626
        ],
        [
          0.9479838709677421,
          0.05286600679568626
        ]
      ]
    ]
  },
  "B6F5SL_20": {
    "ctds_mm_s": 0.05501655719871595,
    "ctds_norm": 0.35506575749744007,
    "segments": [
      [
        [
          0.1235322328234641,
          0.8262600656128842
        ],
        [
          0.3700868292190419,
          -0.01776021473307482
        ]
      ],
      [
        [
          0.22666330645161292,
          0.03366080661840748
        ],
        [
          0.9945564516129032,
          0.03366080661840748
        ]
      ]
    ]
  },
  "B6F5SL_21": {
    "ctds_mm_s": 0.051847718748043406,
    "ctds_norm": 0.33413042781167185,
    "segments": [
      [
        [
          0.1252016129032258,
          0.9067587531393118
        ],
        [
          0.344758064516129,
          -0.02247747082286894
        ]
      ],
      [
        [
          0.2712169660490925,
          0.022502236802863146
        ],
        [
          0.9923387096774193,
          0.022502236802863146
        ]
      ]
    ]
  },
  "B6F5SL_24": {
    "ctds_mm_s": 0.0908060281857491,
    "ctds_norm": 0.2974137431584301,
    "segments": [
      [
        [
          0.06434268589093145,
          0.9276617954070983
        ],
        [
          0.3145727635273853,
          0.009081419624217157
        ]
      ],
      [
        [
          0.19339717741935486,
          0.07207120697296499
        ],
        [
          1.0001008064516128,
          0.07207120697296499
        ]
      ]
    ]
  },
  "B6F5SL_25": {
    "ctds_mm_s": 0.05278440254038666,
    "ctds_norm": 0.34188780454186757,
    "segments": [
      [
        [
          0.12908526427381495,
          0.714419922457501
        ],
        [
          0.3867459235700945,
          0.012063823441694044
        ]
      ],
      [
        [
          0.2682459677419355,
          0.13434237995824638
        ],
        [
          1.0039277832558575,
          0.13434237995824638
        ]
      ]
    ]
  },
  "B6F5SL_26": {
    "ctds_mm_s": 0.07046654804287344,
    "ctds_norm": 0.45610266244885866,
    "segments": [
      [
        [
          0.1202004139532536,
          0.9485386221294365
        ],
        [
          0.45449290726437486,
          0.01951983298538626
        ]
      ],
      [
        [
          0.029130698167499636,
          0.01504622725917093
        ],
        [
          1.0075748397193198,
          0.01504622725917093
        ]
      ]
    ]
  },
  "B7F0SL_27": {
    "ctds_mm_s": 0.141629461191559,
    "ctds_norm": 0.46219935949378066,
    "segments": [
      [
        [
          0.21127012973900755,
          0.7830152102594692
        ],
        [
          0.4778156393558485,
          -0.019251416641813263
        ]
      ],
      [
        [
          0.2721270161290323,
          0.027751514256167842
        ],
        [
          1.0006552419354837,
          0.027751514256167842
        ]
      ]
    ]
  },
  "B7F0SL_28": {
    "ctds_mm_s": 0.13492395945800154,
    "ctds_norm": 0.4414675806451613,
    "segments": [
      [
        [
          0.14294354838709677,
          0.8978948145959522
        ],
        [
          0.45287298387096775,
          -0.025432117003988758
        ]
      ],
      [
        [
          0.1751008064516129,
          0.008546314078889061
        ],
        [
          0.9379882726488137,
          0.008546314078889061
        ]
      ]
    ]
  },
  "B7F0SL_7": {
    "ctds_mm_s": 0.09824617981717078,
    "ctds_norm": 0.32159949583146963,