{
  "B6F0SL_2":14.2533788524,
  "B6F0SL_3":4.827077821,
  "B6F0SL_4":4.9996449445,
  "B6F0SL_5":4.8533676482,
  "B6F0SL_6":5.2109510194,
  "B6F0SL_H_12":4.7731760102,
  "B6F0SL_H_13":4.8871716185,
  "B6F5SL_18":4.6648974823,
  "B6F5SL_19":4.5946671355,
  "B6F5SL_20":4.4443182313,
  "B6F5SL_21":4.8084426379,
  "B6F5SL_24":4.8427796422,
  "B6F5SL_25":5.543297678,
  "B6F5SL_26":5.2458276155,
  "B7F0SL_27":4.7239615133,
  "B7F0SL_28":4.9671057673,
  "B7F0SL_7":5.0838761499,
  "B7F0SL_8":5.2149533039,
  "B7F0SL_9":5.4081078557,
  "B7F0SL_H_10":5.0011062266,
  "B7F0SL_H_11":4.7759941521,
  "B7F5SL_16":4.6021703701,
  "B7F5SL_17":4.919083542,
  "B7F5SL_22":4.8577202675,
  "B7F5SL_23":5.1900820832,
  "B7FT7SL_14":4.8048465574,
  "B7FT7SL_15":4.5147826537
}