{
  "B7F0SL1_1": 13.615887547202211,
  "B7F0SL2_1": 13.25674267298671,
  "B7F0SL3_1": 13.758770468180934,
  "B7F0SL4_1": 13.735481277386434,
  "B7F0SL5_1": 14.550428758698619,
  "B7F0SL6_1": 13.744483305963842,
  "B7F0SL7_1": 13.120238939743759,
  "B7F0SL8_1": 14.082795107838516,
  "B7F0SL9_1": 13.298023354172088,
  "B7F5SL1_1": 13.19653787990415,
  "B7F5SL2_1": 12.669803085978149,
  "B7F5SL3_1": 12.949872987935741,
  "B7F5SL3_2": 12.780555473018014,
  "B7F5SL3_3": 13.139010141616803,
  "B7F5SL4_1": 13.069479089774651,
  "B7F5SL4_2": 14.787136949426058,
  "B7F5SL5_1": 14.612717495000323,
  "B7F5SL6_1": 13.092496944050383,
  "B7F5SL7_1": 16.409575528116058,
  "B7F5SL8_1": 12.741601511182196,
  "B7F5SL9_1": 13.231653848225314,
  "B7FT7SL10_1": 12.662861246829475,
  "B7FT7SL1_4": 13.872276461693549,
  "B7FT7SL2_4": 13.83693570235269,
  "B7FT7SL3_4": 13.18600772917209,
  "B7FT7SL3_5": 15.15985064894153,
  "B7FT7SL3_6": 12.891946103607083,
  "B7FT7SL4_4": 12.474077480732959,
  "B7FT7SL4_5": 15.1473885341807,
  "B7FT7SL4_6": 12.923980323688298,
  "B7FT7SL5_4": 12.48567755755723,
  "B7FT7SL5_5": 14.6137206009975,
  "B7FT7SL6_1": 14.006974952848598,
  "B7FT7SL6_2": 13.423052479310286,
  "B7FT7SL7_1": 12.672468261718747,
  "B7FT7SL8_1": 12.838556136592738,
  "B7FT7SL9_1": 13.361661296419744
}