{
  "B7F0PHSL2_18": 13.973701549899188,
  "B7F0PHSL3_23": 12.913377016129033,
  "B7F0PHSL4_19": 13.210576903534722,
  "B7F0PHSL5_20": 12.22419418655697,
  "B7F0PHSL6_22": 11.306158136056188,
  "B7F0PHSL6_24": 11.712438562938992,
  "B7F0PHSL7_21": 12.38710723692768,
  "B7F0PHSL8_25": 10.649518677646979,
  "B7F0PHSL9_3": 11.591268931695499,
  "B7F0SL10_13": 13.770921975857261,
  "B7F0SL11_14": 13.558947560829377,
  "B7F0SL11_17": 13.06133886210653,
  "B7F0SL12_2": 11.640002692914285,
  "B7F0SL1_4": 14.029144661322844,
  "B7F0SL1_6": 14.219402316820855,
  "B7F0SL3_16": 13.0171977112261,
  "B7F0SL3_9": 12.853487903225805,
  "B7F0SL5_7": 14.468474492004585,
  "B7F0SL6_12": 13.813944361342347,
  "B7F0SL7_15": 12.866031630056579,
  "B7F5SL10_11": 11.630617475082918,
  "B7F5SL1_2": 10.90246666273738,
  "B7F5SL2_3": 10.973985909453042,
  "B7F5SL3_4": 11.562044419875127,
  "B7F5SL4_5": 11.678782417861033,
  "B7F5SL5_6": 12.149730676053588,
  "B7F5SL6_7": 10.74698954742781,
  "B7F5SL7_8": 12.081592902494142,
  "B7F5SL8_9": 13.029870409851393,
  "B7F5SL9_10": 11.787246944555289,
  "B7FT7SL1_4": 11.608013829385078,
  "B7FT7SL1_5": 11.130459323783818,
  "B7FT7SL2_6": 11.28004983568142,
  "B7FT7SL3_7": 10.896854554175341,
  "B7FT7SL4_12": 11.176282284485556,
  "B7FT7SL4_8": 12.266761469782454,
  "B7FT7SL5_9": 11.56817872541827,
  "B7FT7SL6_10": 12.24102754394023,
  "B7FT7SL7_11": 13.140293578466443,
  "B7FT7SL8_13": 12.080785410298512
}