{
  "B7F0SL_11": 14.047400873655914,
  "B7F5SL_10": 14.06895094086022,
  "B7F5SL_2": 13.978485361385708,
  "B7F5SL_3": 13.963095592698576,
  "B7F5SL_4": 13.963118177950484,
  "B7F5SL_5": 14.069844476240029,
  "B7F5SL_6": 13.908751535582153,
  "B7F5SL_9": 13.97733274800555
}