{
  "Test Name": "B6F0SL_9",
  "V_initial_mm_s": 0.6390085160753981,
  "Deceleration_mm_s2": -0.004540516205651632,
  "Max Load_target_N": 2000.0,
  "Max Load_measured_N": 340.290755,
  "WL_at_Max_Load_mm": 153.657,
  "Speed_Transition_mm": 14.006999999999996,
  "End_Weld_mm": 153.78300000000002,
  "Crack_Start_mm": 116.23500000000003,
  "End_Crack_mm": 140.25,
  "End_Crack_detected_mm": 109.30499999999999,
  "End_Crack_measured_mm": 140.25,
  "L_weld_mm": 139.776,
  "L_crack_mm": 126.24300000000001,
  "Time_EndCrack_to_EndWeld_s": 90.07544944054237,
  "Weld_Area_PostCrack_mm2": 33.965800050000034,
  "Lower_Plate_Moved_UserCalc": 599.5408698674127,
  "Velocity_End_Crack_measured_mm_s": 0.0307767972145026,
  "Velocity_End_Crack_detected_mm_s": 0.0884531282055081,
  "Baseline_Slope_N_mm": -4.669833333333356,
  "Notes": "Full crack at peak load.",
  "Welding_Velocity_cm_min": 12.6,
  "Welding_Velocity_mm_s": 2.1,
  "CTDS_mm_s": 0.18211212550445297,
  "CTDS_norm": 0.5948153538293615,
  "_ctds_fit": "{'side': 'left', 'ctds_norm': 0.5948153538293615, 'm': -0.6132904052585327, 'k': -0.4129768860808265, 'b': 0.5716499108109306, 'sse': 1.2406015103100774, 'n_points': 360, 'w1': -0.6132904052585327, 'b1': 0.5716499108109306, 'w2': 0.4129768860808265, 'b2': -0.2456449926175147, 'model': <function fit_ctds_from_normalized_curve.<locals>.model at 0x000002909287F110>}",
  "_ctds_vel_min": 0.0005441051059269,
  "_ctds_vel_max": 0.305795170381242,
  "Preweld_T_avg_C": 24.294970267159606,
  "CTDS_fit": {
    "w1": -0.6132904052585327,
    "b1": 0.5716499108109306,
    "w2": 0.4129768860808265,
    "b2": -0.2456449926175147,
    "sse": 1.2406015103100774,
    "ctds_norm": 0.5948153538293615
  }
}