{
  "Test Name": "B6F0SL_23",
  "V_initial_mm_s": 0.6389945906191316,
  "Deceleration_mm_s2": -0.004536024578646885,
  "Max Load_target_N": 2000.0,
  "Max Load_measured_N": 438.9848806,
  "WL_at_Max_Load_mm": 155.31600000000003,
  "Speed_Transition_mm": 32.907,
  "End_Weld_mm": 172.64100000000002,
  "Crack_Start_mm": 124.50900000000001,
  "End_Crack_mm": 162.6,
  "End_Crack_detected_mm": 126.462,
  "End_Crack_measured_mm": 162.6,
  "L_weld_mm": 139.73400000000004,
  "L_crack_mm": 129.69299999999998,
  "Time_EndCrack_to_EndWeld_s": 66.8151711224464,
  "Weld_Area_PostCrack_mm2": 25.20140385000006,
  "Lower_Plate_Moved_UserCalc": 444.60383349484954,
  "Velocity_End_Crack_measured_mm_s": 0.0213714017669575,
  "Velocity_End_Crack_detected_mm_s": 0.0967559960663532,
  "Baseline_Slope_N_mm": 9.339666666666297,
  "Notes": "Full crack at peak load.",
  "Welding_Velocity_cm_min": 12.6,
  "Welding_Velocity_mm_s": 2.1,
  "CTDS_mm_s": 0.15078493927449757,
  "CTDS_norm": 0.49397489539748957,
  "_ctds_fit": "{'side': 'left', 'ctds_norm': 0.49397489539748957, 'm': -0.12611119024337947, 'k': 1.635554585072352, 'b': 0.12564314128984108, 'sse': 0.41305201051414564, 'n_points': 360, 'w1': -0.12611119024337947, 'b1': 0.12564314128984108, 'w2': -1.635554585072352, 'b2': 0.8079229050779996, 'model': <function fit_ctds_from_normalized_curve.<locals>.model at 0x000001CD010A9380>}",
  "_ctds_vel_min": 0.0003701734027661,
  "_ctds_vel_max": 0.304868979461921,
  "Preweld_T_avg_C": 28.093044988925644,
  "CTDS_fit": {
    "w1": -0.12611119024337947,
    "b1": 0.12564314128984108,
    "w2": -1.635554585072352,
    "b2": 0.8079229050779996,
    "sse": 0.41305201051414564,
    "ctds_norm": 0.49397489539748957
  }
}