{
  "Test Name": "B6F0SL_22",
  "V_initial_mm_s": 0.6390051469301247,
  "Deceleration_mm_s2": -0.004550767300813887,
  "Max Load_target_N": 2000.0,
  "Max Load_measured_N": 193.0929385,
  "WL_at_Max_Load_mm": 171.339,
  "Speed_Transition_mm": 32.991,
  "End_Weld_mm": 172.788,
  "Crack_Start_mm": 141.981,
  "End_Crack_mm": 164.83,
  "End_Crack_detected_mm": 136.311,
  "End_Crack_measured_mm": 164.83,
  "L_weld_mm": 139.79700000000003,
  "L_crack_mm": 131.839,
  "Time_EndCrack_to_EndWeld_s": 52.98845178232674,
  "Weld_Area_PostCrack_mm2": 19.973386299999994,
  "Lower_Plate_Moved_UserCalc": 352.8243305212323,
  "Velocity_End_Crack_measured_mm_s": 0.0185319919112529,
  "Velocity_End_Crack_detected_mm_s": 0.0743652291144155,
  "Baseline_Slope_N_mm": -21.01424999998499,
  "Notes": "Full crack at peak load.",
  "Welding_Velocity_cm_min": 12.6,
  "Welding_Velocity_mm_s": 2.1,
  "CTDS_mm_s": 0.1618797100851702,
  "CTDS_norm": 0.5310831082688459,
  "_ctds_fit": "{'side': 'left', 'ctds_norm': 0.5310831082688459, 'm': -4.518267898914683, 'k': -6.004526825603096, 'b': 3.0495888901380526, 'sse': 1.199482126779757, 'n_points': 220, 'w1': -4.518267898914683, 'b1': 3.0495888901380526, 'w2': 6.004526825603096, 'b2': -3.1889027702249586, 'model': <function fit_ctds_from_normalized_curve.<locals>.model at 0x000001CD0A39E140>}",
  "_ctds_vel_min": -6.3184433364681e-05,
  "_ctds_vel_max": 0.304866292699536,
  "Preweld_T_avg_C": 40.27754577410589,
  "CTDS_fit": {
    "w1": -4.518267898914683,
    "b1": 3.0495888901380526,
    "w2": 6.004526825603096,
    "b2": -3.1889027702249586,
    "sse": 1.199482126779757,
    "ctds_norm": 0.5310831082688459
  }
}