{
  "Test Name": "B6F5SL_3",
  "V_initial_mm_s": 0.6389971297471326,
  "Deceleration_mm_s2": -0.004532171732006803,
  "Max Load_target_N": 2000.0,
  "Max Load_measured_N": 501.904347,
  "WL_at_Max_Load_mm": 171.57000000000002,
  "Speed_Transition_mm": 32.318999999999996,
  "End_Weld_mm": 172.09500000000003,
  "Crack_Start_mm": 129.633,
  "End_Crack_mm": 140.5,
  "End_Crack_detected_mm": 129.69600000000003,
  "End_Crack_measured_mm": 140.5,
  "L_weld_mm": 139.77600000000004,
  "L_crack_mm": 108.18100000000001,
  "Time_EndCrack_to_EndWeld_s": 210.34664698638727,
  "Weld_Area_PostCrack_mm2": 79.29871075000007,
  "Lower_Plate_Moved_UserCalc": 1400.402338927545,
  "Velocity_End_Crack_measured_mm_s": 0.0671605694351392,
  "Velocity_End_Crack_detected_mm_s": 0.0909887575961029,
  "Baseline_Slope_N_mm": 3.735866666667715,
  "Notes": "Full crack at peak load.",
  "Welding_Velocity_cm_min": 12.6,
  "Welding_Velocity_mm_s": 2.1,
  "CTDS_mm_s": 0.2209185809386826,
  "CTDS_norm": 0.7256076741159514,
  "_ctds_fit": "{'side': 'right', 'ctds_norm': 0.7256076741159514, 'm': -0.4419169443500547, 'k': 0.5501795370073488, 'b': 0.3198766949326367, 'sse': 0.01892583118997383, 'n_points': 220, 'w1': -0.4419169443500547, 'b1': 0.3198766949326367, 'w2': 0.5501795370073488, 'b2': -0.3992144941940934, 'model': <function fit_ctds_from_normalized_curve.<locals>.model at 0x000001CD010A8670>}",
  "_ctds_vel_min": 0.00049842574356,
  "_ctds_vel_max": 0.304271612078273,
  "Preweld_T_avg_C": 23.07719399990935,
  "CTDS_fit": {
    "w1": -0.4419169443500547,
    "b1": 0.3198766949326367,
    "w2": 0.5501795370073488,
    "b2": -0.3992144941940934,
    "sse": 0.01892583118997383,
    "ctds_norm": 0.7256076741159514
  }
}