{
  "Test Name": "B6F5SL_25",
  "V_initial_mm_s": 0.6389944756899829,
  "Deceleration_mm_s2": -0.0045240598984465025,
  "Max Load_target_N": 2000.0,
  "Max Load_measured_N": 252.29568455,
  "WL_at_Max_Load_mm": 168.96600000000004,
  "Speed_Transition_mm": 32.864999999999995,
  "End_Weld_mm": 172.662,
  "Crack_Start_mm": 146.748,
  "End_Crack_mm": 148.3,
  "End_Crack_detected_mm": 147.10500000000002,
  "End_Crack_measured_mm": 148.3,
  "L_weld_mm": 139.79700000000003,
  "L_crack_mm": 115.43500000000002,
  "Time_EndCrack_to_EndWeld_s": 162.22173433654612,
  "Weld_Area_PostCrack_mm2": 61.144965699999986,
  "Lower_Plate_Moved_UserCalc": 1080.2024091272044,
  "Velocity_End_Crack_measured_mm_s": 0.0539037043953029,
  "Velocity_End_Crack_detected_mm_s": 0.0572204523795973,
  "Baseline_Slope_N_mm": 2.8019000000000074,
  "Notes": "Full crack at peak load.",
  "Welding_Velocity_cm_min": 12.6,
  "Welding_Velocity_mm_s": 2.1,
  "CTDS_mm_s": 0.12874617820053294,
  "CTDS_norm": 0.4216860945130911,
  "_ctds_fit": "{'side': 'right', 'ctds_norm': 0.4216860945130911, 'm': -0.7226086945303616, 'k': 0.4256525494224851, 'b': 0.46768598821818347, 'sse': 0.5975100087465569, 'n_points': 342, 'w1': -0.7226086945303616, 'b1': 0.46768598821818347, 'w2': 0.4256525494224851, 'b2': -0.17949176118550822, 'model': <function fit_ctds_from_normalized_curve.<locals>.model at 0x000001CD0A39D2D0>}",
  "_ctds_vel_min": -5.2017622654524e-07,
  "_ctds_vel_max": 0.305313551243225,
  "Preweld_T_avg_C": 37.38040238938978,
  "CTDS_fit": {
    "w1": -0.7226086945303616,
    "b1": 0.46768598821818347,
    "w2": 0.4256525494224851,
    "b2": -0.17949176118550822,
    "sse": 0.5975100087465569,
    "ctds_norm": 0.4216860945130911
  }
}