{
  "Test Name": "B6F5SL_26",
  "V_initial_mm_s": 0.6390025107877907,
  "Deceleration_mm_s2": -0.004536558142477316,
  "Max Load_target_N": 2000.0,
  "Max Load_measured_N": 223.1797407,
  "WL_at_Max_Load_mm": 171.44400000000002,
  "Speed_Transition_mm": 33.053999999999995,
  "End_Weld_mm": 172.725,
  "Crack_Start_mm": 149.814,
  "End_Crack_mm": 147.2,
  "End_Crack_detected_mm": 171.44400000000002,
  "End_Crack_measured_mm": 147.2,
  "L_weld_mm": 139.671,
  "L_crack_mm": 114.14599999999999,
  "Time_EndCrack_to_EndWeld_s": 169.78933646401595,
  "Weld_Area_PostCrack_mm2": 64.06392125,
  "Lower_Plate_Moved_UserCalc": 1129.4189530613442,
  "Velocity_End_Crack_measured_mm_s": 0.0548702113649261,
  "Velocity_End_Crack_detected_mm_s": 0.0029473986805577,
  "Baseline_Slope_N_mm": 2.801899999999417,
  "Notes": "Full crack at peak load.",
  "Welding_Velocity_cm_min": 12.6,
  "Welding_Velocity_mm_s": 2.1,
  "CTDS_mm_s": 0.11387992631488418,
  "CTDS_norm": 0.3721677476417339,
  "_ctds_fit": "{'side': 'right', 'ctds_norm': 0.3721677476417339, 'm': -3.1705384486843444, 'k': 3.264190565468833, 'b': 1.3150318664780691, 'sse': 1.3110369402952662, 'n_points': 240, 'w1': -3.1705384486843444, 'b1': 1.3150318664780691, 'w2': 3.264190565468833, 'b2': -1.2148264506239332, 'model': <function fit_ctds_from_normalized_curve.<locals>.model at 0x000001CD0A2F22A0>}",
  "_ctds_vel_min": 0.0002728965896468,
  "_ctds_vel_max": 0.305530486601452,
  "Preweld_T_avg_C": 39.92875126200842,
  "CTDS_fit": {
    "w1": -3.1705384486843444,
    "b1": 1.3150318664780691,
    "w2": 3.264190565468833,
    "b2": -1.2148264506239332,
    "sse": 1.3110369402952662,
    "ctds_norm": 0.3721677476417339
  }
}