{
  "Test Name": "B7F0SL_2",
  "V_initial_mm_s": 0.6389957645672235,
  "Deceleration_mm_s2": -0.004514833075599268,
  "Max Load_target_N": 2000.0,
  "Max Load_measured_N": 396.53189275,
  "WL_at_Max_Load_mm": 172.599,
  "Speed_Transition_mm": 33.117,
  "End_Weld_mm": 172.851,
  "Crack_Start_mm": 132.006,
  "End_Crack_mm": 147.9,
  "End_Crack_detected_mm": 126.819,
  "End_Crack_measured_mm": 147.9,
  "L_weld_mm": 139.734,
  "L_crack_mm": 114.78300000000002,
  "Time_EndCrack_to_EndWeld_s": 166.04411435720297,
  "Weld_Area_PostCrack_mm2": 62.62326734999998,
  "Lower_Plate_Moved_UserCalc": 1104.9917002391849,
  "Velocity_End_Crack_measured_mm_s": 0.0544791742039699,
  "Velocity_End_Crack_detected_mm_s": 0.102002791835561,
  "Baseline_Slope_N_mm": -21.948216666650463,
  "Notes": "Full crack at peak load.",
  "Welding_Velocity_cm_min": 12.6,
  "Welding_Velocity_mm_s": 2.1,
  "CTDS_mm_s": 0.09457973473416978,
  "CTDS_norm": 0.3076475730013041,
  "CTDS_Source": "manual",
  "_ctds_fit": "{'side': 'left', 'ctds_norm': 0.48104112732819304, 'm': -4.07676732555713, 'k': -8.320530835960858, 'b': 2.9106899020660917, 'sse': 1.7129351386189249, 'n_points': 220, 'w1': -4.07676732555713, 'b1': 2.9106899020660917, 'w2': 8.320530835960858, 'b2': -4.002517533299604, 'model': <function fit_ctds_from_normalized_curve.<locals>.model at 0x000001AB85E064B0>}",
  "_ctds_vel_min": 0.0004113025843354,
  "_ctds_vel_max": 0.306503209083579,
  "Preweld_T_avg_C": 25.089448115113495,
  "CTDS_fit": {
    "w1": -4.07676732555713,
    "b1": 2.9106899020660917,
    "w2": 8.320530835960858,
    "b2": -4.002517533299604,
    "sse": 1.7129351386189249,
    "ctds_norm": 0.48104112732819304
  }
}