{
  "Test Name": "B7F0SL_7",
  "V_initial_mm_s": 0.6389982653830282,
  "Deceleration_mm_s2": -0.004539221593804416,
  "Max Load_target_N": 2000.0,
  "Max Load_measured_N": 499.87437045,
  "WL_at_Max_Load_mm": 171.948,
  "Speed_Transition_mm": 32.424,
  "End_Weld_mm": 172.22100000000003,
  "Crack_Start_mm": 79.128,
  "End_Crack_mm": 147.7,
  "End_Crack_detected_mm": 114.24,
  "End_Crack_measured_mm": 147.7,
  "L_weld_mm": 139.79700000000003,
  "L_crack_mm": 115.27599999999998,
  "Time_EndCrack_to_EndWeld_s": 163.27370904943925,
  "Weld_Area_PostCrack_mm2": 61.544031850000096,
  "Lower_Plate_Moved_UserCalc": 1087.162190235345,
  "Velocity_End_Crack_measured_mm_s": 0.0510702319138251,
  "Velocity_End_Crack_detected_mm_s": 0.120055822768774,
  "Baseline_Slope_N_mm": -13.07553333333143,
  "Notes": "Full crack at peak load.",
  "Welding_Velocity_cm_min": 12.6,
  "Welding_Velocity_mm_s": 2.1,
  "CTDS_mm_s": 0.09817106363092623,
  "CTDS_norm": 0.32090797459831816,
  "CTDS_Source": "manual",
  "_ctds_fit": "{'side': 'left', 'ctds_norm': 0.5261087866108787, 'm': -1.077116664741571, 'k': -1.6839020623554024, 'b': 0.9426455792463039, 'sse': 6.378923658600679, 'n_points': 360, 'w1': -1.077116664741571, 'b1': 0.9426455792463039, 'w2': 1.6839020623554024, 'b2': -0.8859156707973569, 'model': <function fit_ctds_from_normalized_curve.<locals>.model at 0x000001AB8F93FCC0>}",
  "_ctds_vel_min": 0.0002939768051541,
  "_ctds_vel_max": 0.305294458479956,
  "Preweld_T_avg_C": 32.26952686357261,
  "CTDS_fit": {
    "w1": -1.077116664741571,
    "b1": 0.9426455792463039,
    "w2": 1.6839020623554024,
    "b2": -0.8859156707973569,
    "sse": 6.378923658600679,
    "ctds_norm": 0.5261087866108787
  }
}