{
  "Test Name": "B7F0SL_5",
  "V_initial_mm_s": 0.6390014982404193,
  "Deceleration_mm_s2": -0.004545458794208554,
  "Max Load_target_N": 2000.0,
  "Max Load_measured_N": 718.46459895,
  "WL_at_Max_Load_mm": 172.34700000000004,
  "Speed_Transition_mm": 32.823,
  "End_Weld_mm": 172.57800000000003,
  "Crack_Start_mm": 100.86300000000001,
  "End_Crack_mm": 138.3,
  "End_Crack_detected_mm": 125.49600000000001,
  "End_Crack_measured_mm": 138.3,
  "L_weld_mm": 139.75500000000002,
  "L_crack_mm": 105.477,
  "Time_EndCrack_to_EndWeld_s": 228.12565437999146,
  "Weld_Area_PostCrack_mm2": 86.03263830000004,
  "Lower_Plate_Moved_UserCalc": 1518.2132617509565,
  "Velocity_End_Crack_measured_mm_s": 0.0736041193500732,
  "Velocity_End_Crack_detected_mm_s": 0.0977896694063959,
  "Baseline_Slope_N_mm": -16.344416666666692,
  "Notes": "Full crack at peak load.",
  "Welding_Velocity_cm_min": 12.6,
  "Welding_Velocity_mm_s": 2.1,
  "CTDS_mm_s": 0.09750535856714734,
  "CTDS_norm": 0.31769027764107394,
  "CTDS_Source": "manual",
  "_ctds_fit": "{'side': 'left', 'ctds_norm': 0.4041458977624159, 'm': -0.8547892474605148, 'k': -0.6907999966060937, 'b': 0.5749351330230459, 'sse': 0.8309752361032127, 'n_points': 200, 'w1': -0.8547892474605148, 'b1': 0.5749351330230459, 'w2': 0.6907999966060937, 'b2': -0.27918398480264356, 'model': <function fit_ctds_from_normalized_curve.<locals>.model at 0x000001AB85E33D70>}",
  "_ctds_vel_min": 0.0006015804496372,
  "_ctds_vel_max": 0.305627528480039,
  "Preweld_T_avg_C": 29.369125435635514,
  "CTDS_fit": {
    "w1": -0.8547892474605148,
    "b1": 0.5749351330230459,
    "w2": 0.6907999966060937,
    "b2": -0.27918398480264356,
    "sse": 0.8309752361032127,
    "ctds_norm": 0.4041458977624159
  }
}