{
  "Test Name": "B7F0SL_4",
  "V_initial_mm_s": 0.6389927284229867,
  "Deceleration_mm_s2": -0.004524310333103589,
  "Max Load_target_N": 2000.0,
  "Max Load_measured_N": 689.2309753,
  "WL_at_Max_Load_mm": 172.032,
  "Speed_Transition_mm": 32.361,
  "End_Weld_mm": 172.11599999999999,
  "Crack_Start_mm": 134.883,
  "End_Crack_mm": 142.3,
  "End_Crack_detected_mm": 111.13199999999999,
  "End_Crack_measured_mm": 142.3,
  "L_weld_mm": 139.755,
  "L_crack_mm": 109.93900000000002,
  "Time_EndCrack_to_EndWeld_s": 198.48912876779366,
  "Weld_Area_PostCrack_mm2": 74.83368759999992,
  "Lower_Plate_Moved_UserCalc": 1321.368870371539,
  "Velocity_End_Crack_measured_mm_s": 0.06424548792439,
  "Velocity_End_Crack_detected_mm_s": 0.135257532479147,
  "Baseline_Slope_N_mm": -14.476483333323294,
  "Notes": "Full crack at peak load.",
  "Welding_Velocity_cm_min": 12.6,
  "Welding_Velocity_mm_s": 2.1,
  "CTDS_mm_s": 0.13156922905421198,
  "CTDS_norm": 0.43088089989034084,
  "CTDS_Source": "manual",
  "_ctds_fit": "{'side': 'left', 'ctds_norm': 0.40780425686738225, 'm': -0.18109777601278637, 'k': 2.1238763916828076, 'b': 0.16628870079248084, 'sse': 0.19349858082577953, 'n_points': 340, 'w1': -0.18109777601278637, 'b1': 0.16628870079248084, 'w2': -2.1238763916828076, 'b2': 0.8661258335883847, 'model': <function fit_ctds_from_normalized_curve.<locals>.model at 0x000001AB8FFF6E50>}",
  "_ctds_vel_min": 0.0004842308479692,
  "_ctds_vel_max": 0.304709825994108,
  "Preweld_T_avg_C": 24.15941772496391,
  "CTDS_fit": {
    "w1": -0.18109777601278637,
    "b1": 0.16628870079248084,
    "w2": -2.1238763916828076,
    "b2": 0.8661258335883847,
    "sse": 0.19349858082577953,
    "ctds_norm": 0.40780425686738225
  }
}