{
  "Test Name": "B7F0SL_6",
  "V_initial_mm_s": 0.6389970243755582,
  "Deceleration_mm_s2": -0.004543752772724047,
  "Max Load_target_N": 2000.0,
  "Max Load_measured_N": 469.98370125,
  "WL_at_Max_Load_mm": 171.92700000000002,
  "Speed_Transition_mm": 32.214,
  "End_Weld_mm": 171.99,
  "Crack_Start_mm": 103.34100000000001,
  "End_Crack_mm": 158.5,
  "End_Crack_detected_mm": 162.372,
  "End_Crack_measured_mm": 158.5,
  "L_weld_mm": 139.776,
  "L_crack_mm": 126.286,
  "Time_EndCrack_to_EndWeld_s": 89.81022534120022,
  "Weld_Area_PostCrack_mm2": 33.85787650000002,
  "Lower_Plate_Moved_UserCalc": 597.9152391280325,
  "Velocity_End_Crack_measured_mm_s": 0.0302383811703999,
  "Velocity_End_Crack_detected_mm_s": 0.0214083506832144,
  "Baseline_Slope_N_mm": -14.94346666665603,
  "Notes": "Full crack at peak load.",
  "Welding_Velocity_cm_min": 12.6,
  "Welding_Velocity_mm_s": 2.1,
  "CTDS_mm_s": 0.14892894787462277,
  "CTDS_norm": 0.48796486542017675,
  "CTDS_Source": "manual",
  "_ctds_fit": "{'side': 'right', 'ctds_norm': 0.46805600257483104, 'm': -4.153714805369637, 'k': 4.126784397228345, 'b': 2.071760794426546, 'sse': 0.3174575676123474, 'n_points': 220, 'w1': -4.153714805369637, 'b1': 2.071760794426546, 'w2': 4.126784397228345, 'b2': -1.9315662084548828, 'model': <function fit_ctds_from_normalized_curve.<locals>.model at 0x000001AB8F93E980>}",
  "_ctds_vel_min": 0.0001903406198219,
  "_ctds_vel_max": 0.305004514334409,
  "Preweld_T_avg_C": 29.661578464859524,
  "CTDS_fit": {
    "w1": -4.153714805369637,
    "b1": 2.071760794426546,
    "w2": 4.126784397228345,
    "b2": -1.9315662084548828,
    "sse": 0.3174575676123474,
    "ctds_norm": 0.46805600257483104
  }
}