{
  "Test Name": "B7F0SL_3",
  "V_initial_mm_s": 0.6389946348116039,
  "Deceleration_mm_s2": -0.00451891050270172,
  "Max Load_target_N": 2000.0,
  "Max Load_measured_N": 535.68825625,
  "WL_at_Max_Load_mm": 172.09499999999997,
  "Speed_Transition_mm": 32.403,
  "End_Weld_mm": 172.22099999999998,
  "Crack_Start_mm": 130.51500000000001,
  "End_Crack_mm": 146.8,
  "End_Crack_detected_mm": 130.83,
  "End_Crack_measured_mm": 146.8,
  "L_weld_mm": 139.81799999999998,
  "L_crack_mm": 114.39700000000002,
  "Time_EndCrack_to_EndWeld_s": 169.30888301148207,
  "Weld_Area_PostCrack_mm2": 63.802896849999904,
  "Lower_Plate_Moved_UserCalc": 1127.6306151054548,
  "Velocity_End_Crack_measured_mm_s": 0.0568676922537405,
  "Velocity_End_Crack_detected_mm_s": 0.0907799094606536,
  "Baseline_Slope_N_mm": -19.146316666653366,
  "Notes": "Full crack at peak load.",
  "Welding_Velocity_cm_min": 12.6,
  "Welding_Velocity_mm_s": 2.1,
  "CTDS_mm_s": 0.0906880320215575,
  "CTDS_norm": 0.2965031700219107,
  "CTDS_Source": "manual",
  "_ctds_fit": "{'side': 'left', 'ctds_norm': 0.753229453827962, 'm': -1.465149047582778, 'k': -1.3524499674821815, 'b': 1.3502966720308687, 'sse': 0.8327888447300441, 'n_points': 340, 'w1': -1.465149047582778, 'b1': 1.3502966720308687, 'w2': 1.3524499674821815, 'b2': -1.0187051503362485, 'model': <function fit_ctds_from_normalized_curve.<locals>.model at 0x000001AB90025B10>}",
  "_ctds_vel_min": 0.0003506470153798,
  "_ctds_vel_max": 0.30502659702125,
  "Preweld_T_avg_C": 28.235727465567884,
  "CTDS_fit": {
    "w1": -1.465149047582778,
    "b1": 1.3502966720308687,
    "w2": 1.3524499674821815,
    "b2": -1.0187051503362485,
    "sse": 0.8327888447300441,
    "ctds_norm": 0.753229453827962
  }
}