{
  "Test Name": "B7F5SL_12",
  "V_initial_mm_s": 0.6390020317584547,
  "Deceleration_mm_s2": -0.00454806797858228,
  "Max Load_target_N": 2000.0,
  "Max Load_measured_N": 446.7517474,
  "WL_at_Max_Load_mm": 172.30500000000004,
  "Speed_Transition_mm": 32.571,
  "End_Weld_mm": 172.36800000000002,
  "Crack_Start_mm": 34.629,
  "End_Crack_mm": 144.3,
  "End_Crack_detected_mm": 145.88700000000003,
  "End_Crack_measured_mm": 144.3,
  "L_weld_mm": 139.79700000000003,
  "L_crack_mm": 111.72900000000001,
  "Time_EndCrack_to_EndWeld_s": 186.85939871996933,
  "Weld_Area_PostCrack_mm2": 70.44646980000003,
  "Lower_Plate_Moved_UserCalc": 1243.9944025220345,
  "Velocity_End_Crack_measured_mm_s": 0.0609276405362062,
  "Velocity_End_Crack_detected_mm_s": 0.0567340890847419,
  "Baseline_Slope_N_mm": -5.603799999998856,
  "Notes": "Full crack at peak load.",
  "Welding_Velocity_cm_min": 12.6,
  "Welding_Velocity_mm_s": 2.1,
  "CTDS_mm_s": 0.051808179307462905,
  "CTDS_norm": 0.16822897132791148,
  "CTDS_Source": "manual",
  "_ctds_fit": "{'side': 'left', 'ctds_norm': 0.7713681588558794, 'm': 0.05416683620249256, 'k': 1.1001310204394363, 'b': 0.20069257519012235, 'sse': 5.2947562708037745, 'n_points': 328, 'w1': 0.05416683620249256, 'b1': 0.20069257519012235, 'w2': -1.1001310204394363, 'b2': 0.8486060397366079, 'model': <function fit_ctds_from_normalized_curve.<locals>.model at 0x000001AB85E783B0>}",
  "_ctds_vel_min": 0.0004985051162672,
  "_ctds_vel_max": 0.305497541763665,
  "Preweld_T_avg_C": 25.80844844765399,
  "CTDS_fit": {
    "w1": 0.05416683620249256,
    "b1": 0.20069257519012235,
    "w2": -1.1001310204394363,
    "b2": 0.8486060397366079,
    "sse": 5.2947562708037745,
    "ctds_norm": 0.7713681588558794
  }
}