{
  "Test Name": "B7F5SL_13",
  "V_initial_mm_s": 0.638997051588258,
  "Deceleration_mm_s2": -0.00454460201708372,
  "Max Load_target_N": 2000.0,
  "Max Load_measured_N": 750.2675649,
  "WL_at_Max_Load_mm": 171.92700000000002,
  "Speed_Transition_mm": 32.277,
  "End_Weld_mm": 171.96900000000002,
  "Crack_Start_mm": 100.67399999999999,
  "End_Crack_mm": 137.46,
  "End_Crack_detected_mm": 129.465,
  "End_Crack_measured_mm": 137.46,
  "L_weld_mm": 139.692,
  "L_crack_mm": 105.183,
  "Time_EndCrack_to_EndWeld_s": 229.6262279679393,
  "Weld_Area_PostCrack_mm2": 86.61241365000002,
  "Lower_Plate_Moved_UserCalc": 1527.9551586769828,
  "Velocity_End_Crack_measured_mm_s": 0.0758356599333711,
  "Velocity_End_Crack_detected_mm_s": 0.0878363756721371,
  "Baseline_Slope_N_mm": -4.4363416666665945,
  "Notes": "Full crack at peak load.",
  "Welding_Velocity_cm_min": 12.6,
  "Welding_Velocity_mm_s": 2.1,
  "CTDS_mm_s": 0.09148474330152095,
  "CTDS_norm": 0.2986285864118546,
  "CTDS_Source": "manual",
  "_ctds_fit": "{'side': 'left', 'ctds_norm': 0.3666945606694561, 'm': -0.7894753684264146, 'k': -2.18348449927379, 'b': 0.6164660978866577, 'sse': 1.671250446780661, 'n_points': 236, 'w1': -0.7894753684264146, 'b1': 0.6164660978866577, 'w2': 2.18348449927379, 'b2': -0.8006718891897697, 'model': <function fit_ctds_from_normalized_curve.<locals>.model at 0x000001AB8FFD9C70>}",
  "_ctds_vel_min": 0.00073348188728,
  "_ctds_vel_max": 0.304626898470919,
  "Preweld_T_avg_C": 24.409444615870356,
  "CTDS_fit": {
    "w1": -0.7894753684264146,
    "b1": 0.6164660978866577,
    "w2": 2.18348449927379,
    "b2": -0.8006718891897697,
    "sse": 1.671250446780661,
    "ctds_norm": 0.3666945606694561
  }
}