{
  "Test Name": "B7F5SL_8",
  "V_initial_mm_s": 0.6389976139318192,
  "Deceleration_mm_s2": -0.004535675840001641,
  "Max Load_target_N": 2000.0,
  "Max Load_measured_N": 360.71800695,
  "WL_at_Max_Load_mm": 140.30100000000002,
  "Speed_Transition_mm": 33.053999999999995,
  "End_Weld_mm": 172.767,
  "Crack_Start_mm": 120.22500000000001,
  "End_Crack_mm": 152.3,
  "End_Crack_detected_mm": 119.154,
  "End_Crack_measured_mm": 152.3,
  "L_weld_mm": 139.713,
  "L_crack_mm": 119.24600000000001,
  "Time_EndCrack_to_EndWeld_s": 136.17466089687727,
  "Weld_Area_PostCrack_mm2": 51.369099949999956,
  "Lower_Plate_Moved_UserCalc": 906.0213157951596,
  "Velocity_End_Crack_measured_mm_s": 0.0454226995816151,
  "Velocity_End_Crack_detected_mm_s": 0.112838396264561,
  "Baseline_Slope_N_mm": -6.070783333334095,
  "Notes": "Full crack at peak load.",
  "Welding_Velocity_cm_min": 12.6,
  "Welding_Velocity_mm_s": 2.1,
  "CTDS_mm_s": 0.08219221151185638,
  "CTDS_norm": 0.2678687900192654,
  "CTDS_Source": "manual",
  "_ctds_fit": "{'side': 'left', 'ctds_norm': 0.37261185388360885, 'm': 0.019707810725677743, 'k': 5.816266926703503, 'b': 0.20571472290180493, 'sse': 0.35167799962857316, 'n_points': 192, 'w1': 0.019707810725677743, 'b1': 0.20571472290180493, 'w2': -5.816266926703503, 'b2': 2.167210002240912, 'model': <function fit_ctds_from_normalized_curve.<locals>.model at 0x000001AB8FFF64B0>}",
  "_ctds_vel_min": 0.0006286700088364,
  "_ctds_vel_max": 0.305119318199519,
  "Preweld_T_avg_C": 27.980983357842813,
  "CTDS_fit": {
    "w1": 0.019707810725677743,
    "b1": 0.20571472290180493,
    "w2": -5.816266926703503,
    "b2": 2.167210002240912,
    "sse": 0.35167799962857316,
    "ctds_norm": 0.37261185388360885
  }
}