{
  "Test Name": "B7F5SL_9",
  "V_initial_mm_s": 0.6389937642441583,
  "Deceleration_mm_s2": -0.004522926422586785,
  "Max Load_target_N": 2000.0,
  "Max Load_measured_N": 857.69941565,
  "WL_at_Max_Load_mm": 172.116,
  "Speed_Transition_mm": 32.634,
  "End_Weld_mm": 172.41,
  "Crack_Start_mm": 98.07000000000001,
  "End_Crack_mm": 145.0,
  "End_Crack_detected_mm": 125.64300000000001,
  "End_Crack_measured_mm": 145.0,
  "L_weld_mm": 139.776,
  "L_crack_mm": 112.366,
  "Time_EndCrack_to_EndWeld_s": 182.4476285421863,
  "Weld_Area_PostCrack_mm2": 68.79498849999997,
  "Lower_Plate_Moved_UserCalc": 1214.4158030159647,
  "Velocity_End_Crack_measured_mm_s": 0.0610603798157852,
  "Velocity_End_Crack_detected_mm_s": 0.101360131888212,
  "Baseline_Slope_N_mm": -4.669833333324883,
  "Notes": "Full crack at peak load.",
  "Welding_Velocity_cm_min": 12.6,
  "Welding_Velocity_mm_s": 2.1,
  "CTDS_mm_s": 0.14125856541561888,
  "CTDS_norm": 0.4625758446580999,
  "CTDS_Source": "manual",
  "_ctds_fit": "{'side': 'left', 'ctds_norm': 0.7693979933110369, 'm': 0.9980286377482039, 'k': 1.9068518307853002, 'b': -0.7348916414234127, 'sse': 3.9697360597416584, 'n_points': 1084, 'w1': 0.9980286377482039, 'b1': -0.7348916414234127, 'w2': -1.9068518307853002, 'b2': 1.4671279721476869, 'model': <function fit_ctds_from_normalized_curve.<locals>.model at 0x000001AB8F93F740>}",
  "_ctds_vel_min": 0.0006153139938819,
  "_ctds_vel_max": 0.304658970933404,
  "Preweld_T_avg_C": 27.80138700095581,
  "CTDS_fit": {
    "w1": 0.9980286377482039,
    "b1": -0.7348916414234127,
    "w2": -1.9068518307853002,
    "b2": 1.4671279721476869,
    "sse": 3.9697360597416584,
    "ctds_norm": 0.7693979933110369
  }
}