{
  "Test Name": "B7F5SL_11",
  "V_initial_mm_s": 0.6389958636009437,
  "Deceleration_mm_s2": -0.004543288894556128,
  "Max Load_target_N": 2000.0,
  "Max Load_measured_N": 997.7089577,
  "WL_at_Max_Load_mm": 172.599,
  "Speed_Transition_mm": 32.864999999999995,
  "End_Weld_mm": 172.64100000000002,
  "Crack_Start_mm": 119.028,
  "End_Crack_mm": 132.8,
  "End_Crack_detected_mm": 119.09100000000001,
  "End_Crack_measured_mm": 132.8,
  "L_weld_mm": 139.776,
  "L_crack_mm": 99.93500000000002,
  "Time_EndCrack_to_EndWeld_s": 265.2053797727068,
  "Weld_Area_PostCrack_mm2": 99.99493385000001,
  "Lower_Plate_Moved_UserCalc": 1765.3646610372639,
  "Velocity_End_Crack_measured_mm_s": 0.0858081110447386,
  "Velocity_End_Crack_detected_mm_s": 0.112863988435535,
  "Baseline_Slope_N_mm": -8.405700000000307,
  "Notes": "Full crack at peak load.",
  "Welding_Velocity_cm_min": 12.6,
  "Welding_Velocity_mm_s": 2.1,
  "CTDS_mm_s": 0.11867901120913774,
  "CTDS_norm": 0.38735676502651006,
  "CTDS_Source": "manual",
  "_ctds_fit": "{'side': 'right', 'ctds_norm': 0.3675940318911114, 'm': -3.301590418537107, 'k': 3.207591866349414, 'b': 1.3210073926304728, 'sse': 0.45922047692126744, 'n_points': 280, 'w1': -3.301590418537107, 'b1': 1.3210073926304728, 'w2': 3.207591866349414, 'b2': -1.179091626812516, 'model': <function fit_ctds_from_normalized_curve.<locals>.model at 0x000001AB8F93D640>}",
  "_ctds_vel_min": 0.0005887143173783,
  "_ctds_vel_max": 0.30545055630348,
  "Preweld_T_avg_C": 23.285485819477554,
  "CTDS_fit": {
    "w1": -3.301590418537107,
    "b1": 1.3210073926304728,
    "w2": 3.207591866349414,
    "b2": -1.179091626812516,
    "sse": 0.45922047692126744,
    "ctds_norm": 0.3675940318911114
  }
}