{
  "Test Name": "B7F5SL_10",
  "V_initial_mm_s": 0.6390044925792213,
  "Deceleration_mm_s2": -0.004529041161048544,
  "Max Load_target_N": 2000.0,
  "Max Load_measured_N": 1039.78929285,
  "WL_at_Max_Load_mm": 171.98999999999998,
  "Speed_Transition_mm": 32.277,
  "End_Weld_mm": 172.032,
  "Crack_Start_mm": 89.20800000000001,
  "End_Crack_mm": 116.3,
  "End_Crack_detected_mm": 86.205,
  "End_Crack_measured_mm": 116.3,
  "L_weld_mm": 139.755,
  "L_crack_mm": 84.023,
  "Time_EndCrack_to_EndWeld_s": 370.8996718939708,
  "Weld_Area_PostCrack_mm2": 139.87896020000002,
  "Lower_Plate_Moved_UserCalc": 2468.3586917938555,
  "Velocity_End_Crack_measured_mm_s": 0.117752725210018,
  "Velocity_End_Crack_detected_mm_s": 0.186735767076522,
  "Baseline_Slope_N_mm": -0.4669833333323536,
  "Notes": "Full crack at peak load.",
  "Welding_Velocity_cm_min": 12.6,
  "Welding_Velocity_mm_s": 2.1,
  "CTDS_mm_s": 0.0971214177012104,
  "CTDS_norm": 0.31730488754553615,
  "CTDS_Source": "manual",
  "_ctds_fit": "{'side': 'right', 'ctds_norm': 0.41392703712514517, 'm': 0.5685367427328475, 'k': -1.4927553028479978, 'b': 0.16794799104839575, 'sse': 10.430745350318324, 'n_points': 340, 'w1': 0.5685367427328475, 'b1': 0.16794799104839575, 'w2': -1.4927553028479978, 'b2': 0.6178917796607205, 'model': <function fit_ctds_from_normalized_curve.<locals>.model at 0x000001AB8FFDBAB0>}",
  "_ctds_vel_min": 0.0004886314037176,
  "_ctds_vel_max": 0.305031013479774,
  "Preweld_T_avg_C": 31.765247015305516,
  "CTDS_fit": {
    "w1": 0.5685367427328475,
    "b1": 0.16794799104839575,
    "w2": -1.4927553028479978,
    "b2": 0.6178917796607205,
    "sse": 10.430745350318324,
    "ctds_norm": 0.41392703712514517
  }
}