{
  "Test Name": "B6F0SL_H_21",
  "V_initial_mm_s": 0.6390003402124054,
  "Deceleration_mm_s2": -0.004527622928704411,
  "Max Load_target_N": 2000.0,
  "Max Load_measured_N": 199.26132135,
  "WL_at_Max_Load_mm": 169.21800000000002,
  "Speed_Transition_mm": 29.526,
  "End_Weld_mm": 169.30200000000002,
  "Crack_Start_mm": 148.30200000000002,
  "End_Crack_mm": 155.9,
  "End_Crack_detected_mm": 120.49800000000002,
  "End_Crack_measured_mm": 155.9,
  "L_weld_mm": 139.776,
  "L_crack_mm": 126.37400000000001,
  "Time_EndCrack_to_EndWeld_s": 89.20348889703253,
  "Weld_Area_PostCrack_mm2": 33.637009700000036,
  "Lower_Plate_Moved_UserCalc": 593.7369371290104,
  "Velocity_End_Crack_measured_mm_s": 0.0293275434656853,
  "Velocity_End_Crack_detected_mm_s": 0.101636119577185,
  "Baseline_Slope_N_mm": -4.202849999999842,
  "Notes": "Full crack at peak load.",
  "Welding_Velocity_cm_min": 12.6,
  "Welding_Velocity_mm_s": 2.1,
  "CTDS_mm_s": 0.10784594068974035,
  "CTDS_norm": 0.3532618087557604,
  "CTDS_Source": "manual",
  "_ctds_fit": "{'side': 'right', 'ctds_norm': 0.6044844040805474, 'm': 2.1765321538150224, 'k': -4.0136937673239395, 'b': -0.8608929056806024, 'sse': 1.1325314225743122, 'n_points': 220, 'w1': 2.1765321538150224, 'b1': -0.8608929056806024, 'w2': -4.0136937673239395, 'b2': 2.426215285102619, 'model': <function fit_ctds_from_normalized_curve.<locals>.model at 0x0000029650D4A980>}",
  "_ctds_vel_min": 5.6965190034325e-05,
  "_ctds_vel_max": 0.305181869236001,
  "Preweld_T_avg_C": 120.0570674555715,
  "CTDS_fit": {
    "w1": 2.1765321538150224,
    "b1": -0.8608929056806024,
    "w2": -4.0136937673239395,
    "b2": 2.426215285102619,
    "sse": 1.1325314225743122,
    "ctds_norm": 0.6044844040805474
  }
}