{
  "Test Name": "B6F0SL_H_22",
  "V_initial_mm_s": 0.6390061793437776,
  "Deceleration_mm_s2": -0.004526121896801098,
  "Max Load_target_N": 2000.0,
  "Max Load_measured_N": 208.2736327,
  "WL_at_Max_Load_mm": 169.78500000000003,
  "Speed_Transition_mm": 29.988,
  "End_Weld_mm": 169.78500000000003,
  "Crack_Start_mm": 135.345,
  "End_Crack_mm": 152.6,
  "End_Crack_detected_mm": 130.70400000000004,
  "End_Crack_measured_mm": 152.6,
  "L_weld_mm": 139.79700000000003,
  "L_crack_mm": 122.612,
  "Time_EndCrack_to_EndWeld_s": 114.43929095114893,
  "Weld_Area_PostCrack_mm2": 43.13177225000007,
  "Lower_Plate_Moved_UserCalc": 762.0803790166829,
  "Velocity_End_Crack_measured_mm_s": 0.035375701049065,
  "Velocity_End_Crack_detected_mm_s": 0.0830587627499568,
  "Baseline_Slope_N_mm": -3.735866666667157,
  "Notes": "Full crack at peak load.",
  "Welding_Velocity_cm_min": 12.6,
  "Welding_Velocity_mm_s": 2.1,
  "CTDS_mm_s": 0.09714055285226629,
  "CTDS_norm": 0.31849694104560633,
  "CTDS_Source": "manual",
  "_ctds_fit": "{'side': 'left', 'ctds_norm': 0.5140585774058578, 'm': -0.7461741127359406, 'k': -1.5807554282603853, 'b': 0.8456515386263821, 'sse': 0.8587262891820147, 'n_points': 360, 'w1': -0.7461741127359406, 'b1': 0.8456515386263821, 'w2': 1.5807554282603853, 'b2': -0.8126008866781211, 'model': <function fit_ctds_from_normalized_curve.<locals>.model at 0x000002965079EDA0>}",
  "_ctds_vel_min": 0.0001276901451374,
  "_ctds_vel_max": 0.304723591093641,
  "Preweld_T_avg_C": 119.93029975061835,
  "CTDS_fit": {
    "w1": -0.7461741127359406,
    "b1": 0.8456515386263821,
    "w2": 1.5807554282603853,
    "b2": -0.8126008866781211,
    "sse": 0.8587262891820147,
    "ctds_norm": 0.5140585774058578
  }
}