{
  "Test Name": "B6F0SL_20",
  "V_initial_mm_s": 0.638991281510973,
  "Deceleration_mm_s2": -0.004531280677092846,
  "Max Load_target_N": 2000.0,
  "Max Load_measured_N": 169.05683935,
  "WL_at_Max_Load_mm": 168.42000000000002,
  "Speed_Transition_mm": 29.82,
  "End_Weld_mm": 169.59600000000003,
  "Crack_Start_mm": NaN,
  "End_Crack_mm": 153.17,
  "End_Crack_detected_mm": 144.102,
  "End_Crack_measured_mm": 153.17,
  "L_weld_mm": 139.77600000000004,
  "L_crack_mm": 123.35,
  "Time_EndCrack_to_EndWeld_s": 109.33956676014382,
  "Weld_Area_PostCrack_mm2": 41.22679610000011,
  "Lower_Plate_Moved_UserCalc": 727.8181455799291,
  "Velocity_End_Crack_measured_mm_s": 0.0379471471837829,
  "Velocity_End_Crack_detected_mm_s": 0.0563969645259514,
  "Baseline_Slope_N_mm": -3.735866666666451,
  "Notes": "Full crack at peak load.",
  "Welding_Velocity_cm_min": 12.6,
  "Welding_Velocity_mm_s": 2.1,
  "CTDS_mm_s": 0.08638021852170635,
  "CTDS_norm": 0.28291519593424197,
  "CTDS_Source": "manual",
  "_ctds_fit": "{'side': 'left', 'ctds_norm': 0.7663879598662208, 'm': 1.73707795699026, 'k': 2.2346360037160418, 'b': -1.1356048027402343, 'sse': 17.11267491275516, 'n_points': 1072, 'w1': 1.73707795699026, 'b1': -1.1356048027402343, 'w2': -2.2346360037160418, 'b2': 1.7125981279315419, 'model': <function fit_ctds_from_normalized_curve.<locals>.model at 0x0000029650D490C0>}",
  "_ctds_vel_min": 0.0002280044828112,
  "_ctds_vel_max": 0.30474404065543,
  "Preweld_T_avg_C": 37.27613238712217,
  "CTDS_fit": {
    "w1": 1.73707795699026,
    "b1": -1.1356048027402343,
    "w2": -2.2346360037160418,
    "b2": 1.7125981279315419,
    "sse": 17.11267491275516,
    "ctds_norm": 0.7663879598662208
  }
}