{
  "Test Name": "B7FT7SL_19",
  "V_initial_mm_s": 0.6389961935270798,
  "Deceleration_mm_s2": -0.0045158733607285895,
  "Max Load_target_N": 2000.0,
  "Max Load_measured_N": 1672.6614506,
  "WL_at_Max_Load_mm": 169.59600000000003,
  "Speed_Transition_mm": 29.799,
  "End_Weld_mm": 169.617,
  "Crack_Start_mm": 90.426,
  "End_Crack_mm": 126.3,
  "End_Crack_detected_mm": 89.271,
  "End_Crack_measured_mm": 126.3,
  "L_weld_mm": 139.81799999999998,
  "L_crack_mm": 96.501,
  "Time_EndCrack_to_EndWeld_s": 288.4185936792327,
  "Weld_Area_PostCrack_mm2": 108.71917244999997,
  "Lower_Plate_Moved_UserCalc": 1920.3842643744103,
  "Velocity_End_Crack_measured_mm_s": 0.0939303065356176,
  "Velocity_End_Crack_detected_mm_s": 0.165672320052759,
  "Baseline_Slope_N_mm": -0.46698333333327746,
  "Notes": "Full crack at peak load.",
  "Welding_Velocity_cm_min": 12.6,
  "Welding_Velocity_mm_s": 2.1,
  "CTDS_mm_s": 0.16729932184105697,
  "CTDS_norm": 0.5470537675386836,
  "CTDS_Source": "manual",
  "_ctds_fit": "{'side': 'left', 'ctds_norm': 0.5315958354906871, 'm': -0.11113289520719266, 'k': 1.8604873978612895, 'b': 0.11549748150282933, 'sse': 0.16047596067153713, 'n_points': 360, 'w1': -0.11113289520719266, 'b1': 0.11549748150282933, 'w2': -1.8604873978612895, 'b2': 0.9890273526859666, 'model': <function fit_ctds_from_normalized_curve.<locals>.model at 0x0000029650D8D010>}",
  "_ctds_vel_min": 0.0005055398747597,
  "_ctds_vel_max": 0.305400217260384,
  "Preweld_T_avg_C": 34.267079460209835,
  "CTDS_fit": {
    "w1": -0.11113289520719266,
    "b1": 0.11549748150282933,
    "w2": -1.8604873978612895,
    "b2": 0.9890273526859666,
    "sse": 0.16047596067153713,
    "ctds_norm": 0.5315958354906871
  }
}