{
  "Test Name": "B7FT7SL_18",
  "V_initial_mm_s": 0.6389962311267284,
  "Deceleration_mm_s2": -0.004583152991063288,
  "Max Load_target_N": 2000.0,
  "Max Load_measured_N": 2000.42911355,
  "WL_at_Max_Load_mm": 144.501,
  "Speed_Transition_mm": 28.644,
  "End_Weld_mm": 144.501,
  "Crack_Start_mm": 71.988,
  "End_Crack_mm": 111.7,
  "End_Crack_detected_mm": 90.804,
  "End_Crack_measured_mm": 111.7,
  "L_weld_mm": 115.857,
  "L_crack_mm": 83.05600000000001,
  "Time_EndCrack_to_EndWeld_s": 186.50891410102295,
  "Weld_Area_PostCrack_mm2": 82.32558985,
  "Lower_Plate_Moved_UserCalc": 1060.5034919405737,
  "Velocity_End_Crack_measured_mm_s": 0.121240852944068,
  "Velocity_End_Crack_detected_mm_s": 0.169322069512301,
  "Baseline_Slope_N_mm": 8.405699999992642,
  "Notes": "",
  "Welding_Velocity_cm_min": 12.6,
  "Welding_Velocity_mm_s": 2.1,
  "CTDS_mm_s": 0.17323190159468566,
  "CTDS_norm": 0.4859274193548388,
  "CTDS_Source": "manual",
  "_ctds_fit": "{'side': 'left', 'ctds_norm': 0.4723723429562979, 'm': -0.15349832670390257, 'k': 1.9733387918221856, 'b': 0.15396130870038782, 'sse': 0.20140331403525713, 'n_points': 340, 'w1': -0.15349832670390257, 'b1': 0.15396130870038782, 'w2': -1.9733387918221856, 'b2': 0.9321506685395959, 'model': <function fit_ctds_from_normalized_curve.<locals>.model at 0x0000029650D4AFB0>}",
  "_ctds_vel_min": 0.0479777159064907,
  "_ctds_vel_max": 0.305740872911489,
  "Preweld_T_avg_C": 30.5113425628336,
  "CTDS_fit": {
    "w1": -0.15349832670390257,
    "b1": 0.15396130870038782,
    "w2": -1.9733387918221856,
    "b2": 0.9321506685395959,
    "sse": 0.20140331403525713,
    "ctds_norm": 0.4723723429562979
  }
}