{
  "Test Name": "B6F0SL_4",
  "V_initial_mm_s": 0.6389980339860891,
  "Deceleration_mm_s2": -0.004531021670235086,
  "Max Load_target_N": 2000.0,
  "Max Load_measured_N": 84.93539565,
  "WL_at_Max_Load_mm": 176.33700000000002,
  "Speed_Transition_mm": 36.666000000000004,
  "End_Weld_mm": 176.379,
  "Crack_Start_mm": NaN,
  "End_Crack_mm": 162.4,
  "End_Crack_detected_mm": 140.952,
  "End_Crack_measured_mm": 162.4,
  "L_weld_mm": 139.713,
  "L_crack_mm": 125.73400000000001,
  "Time_EndCrack_to_EndWeld_s": 93.02532983483256,
  "Weld_Area_PostCrack_mm2": 35.08519314999996,
  "Lower_Plate_Moved_UserCalc": 619.0508613548463,
  "Velocity_End_Crack_measured_mm_s": 0.0323101068915249,
  "Velocity_End_Crack_detected_mm_s": 0.0772562772892624,
  "Baseline_Slope_N_mm": 0.9339666666667129,
  "Notes": "Full crack at peak load.",
  "Welding_Velocity_cm_min": 12.6,
  "Welding_Velocity_mm_s": 2.1,
  "CTDS_mm_s": 0.22611726332819773,
  "CTDS_norm": 0.7389958158995816,
  "_ctds_fit": "{'side': 'left', 'ctds_norm': 0.7389958158995816, 'm': -0.9593722325117167, 'k': -1.0095685979581244, 'b': 1.0828552591182368, 'sse': 0.6395825634642682, 'n_points': 360, 'w1': -0.9593722325117167, 'b1': 1.0828552591182368, 'w2': 1.0095685979581244, 'b2': -0.7460669697546608, 'model': <function fit_ctds_from_normalized_curve.<locals>.model at 0x0000015A50906AE0>}",
  "_ctds_vel_min": 0.0001553539278049,
  "_ctds_vel_max": 0.30592421558953,
  "Preweld_T_avg_C": 26.327496029572966,
  "CTDS_fit": {
    "w1": -0.9593722325117167,
    "b1": 1.0828552591182368,
    "w2": 1.0095685979581244,
    "b2": -0.7460669697546608,
    "sse": 0.6395825634642682,
    "ctds_norm": 0.7389958158995816
  }
}