{
  "Test Name": "B7F0SL_17",
  "V_initial_mm_s": 0.5592112786207863,
  "Deceleration_mm_s2": -0.002154841273347077,
  "Max Load_target_N": 2000.0,
  "Max Load_measured_N": 2000.76253965,
  "WL_at_Max_Load_mm": 83.937,
  "Speed_Transition_mm": 43.70100000000001,
  "End_Weld_mm": 83.937,
  "Crack_Start_mm": NaN,
  "End_Crack_mm": 27.3,
  "End_Crack_detected_mm": 13.321237707047302,
  "End_Crack_measured_mm": 27.3,
  "L_weld_mm": 40.23599999999999,
  "L_crack_mm": -16.401000000000007,
  "Time_EndCrack_to_EndWeld_s": 440.881765286946,
  "Weld_Area_PostCrack_mm2": 142.15037445,
  "Lower_Plate_Moved_UserCalc": 3431.9743447310725,
  "Velocity_End_Crack_measured_mm_s": 0.697254670184519,
  "Velocity_End_Crack_detected_mm_s": 0.693969202277758,
  "Baseline_Slope_N_mm": -2.334916666666694,
  "Notes": "",
  "Welding_Velocity_cm_min": 12.6,
  "Welding_Velocity_mm_s": 2.1,
  "CTDS_mm_s": 0.13581515565037833,
  "CTDS_norm": 0.6724835924490281,
  "_ctds_fit": "{'side': 'left', 'ctds_norm': 0.6724835924490281, 'm': -1.3467369678731922, 'k': -0.19157881641406904, 'b': 1.282443239629988, 'sse': 0.9375178288415944, 'n_points': 286, 'w1': -1.3467369678731922, 'b1': 1.282443239629988, 'w2': 0.19157881641406904, 'b2': -0.128833610699266, 'model': <function fit_ctds_from_normalized_curve.<locals>.model at 0x0000015A50906560>}",
  "_ctds_vel_min": 0.0994931551774279,
  "_ctds_vel_max": 0.153504882572403,
  "Preweld_T_avg_C": 40.2863145263342,
  "CTDS_fit": {
    "w1": -1.3467369678731922,
    "b1": 1.282443239629988,
    "w2": 0.19157881641406904,
    "b2": -0.128833610699266,
    "sse": 0.9375178288415944,
    "ctds_norm": 0.6724835924490281
  }
}