{
  "Test Name": "B7F0SL_16",
  "V_initial_mm_s": 0.6390027152951039,
  "Deceleration_mm_s2": -0.004540646621527285,
  "Max Load_target_N": 2000.0,
  "Max Load_measured_N": 506.3565661,
  "WL_at_Max_Load_mm": 176.274,
  "Speed_Transition_mm": 36.666000000000004,
  "End_Weld_mm": 176.505,
  "Crack_Start_mm": 147.525,
  "End_Crack_mm": 145.0,
  "End_Crack_detected_mm": 145.32,
  "End_Crack_measured_mm": 145.0,
  "L_weld_mm": 139.839,
  "L_crack_mm": 108.334,
  "Time_EndCrack_to_EndWeld_s": 209.834048690371,
  "Weld_Area_PostCrack_mm2": 79.07282424999998,
  "Lower_Plate_Moved_UserCalc": 1397.5663542229165,
  "Velocity_End_Crack_measured_mm_s": 0.0685222867988745,
  "Velocity_End_Crack_detected_mm_s": 0.0685252209519353,
  "Baseline_Slope_N_mm": -28.485983333322814,
  "Notes": "Full crack at peak load.",
  "Welding_Velocity_cm_min": 12.6,
  "Welding_Velocity_mm_s": 2.1,
  "CTDS_mm_s": 0.11710353948615504,
  "CTDS_norm": 0.38281328276962256,
  "_ctds_fit": "{'side': 'left', 'ctds_norm': 0.38281328276962256, 'm': -0.14178016617211386, 'k': 2.725027762596904, 'b': 0.15303828844713865, 'sse': 0.34575873281728875, 'n_points': 339, 'w1': -0.14178016617211386, 'b1': 0.15303828844713865, 'w2': -2.725027762596904, 'b2': 1.0431768234380805, 'model': <function fit_ctds_from_normalized_curve.<locals>.model at 0x0000015A4F965640>}",
  "_ctds_vel_min": 0.0003070935991961,
  "_ctds_vel_max": 0.305407389602371,
  "Preweld_T_avg_C": 36.73294480112742,
  "CTDS_fit": {
    "w1": -0.14178016617211386,
    "b1": 0.15303828844713865,
    "w2": -2.725027762596904,
    "b2": 1.0431768234380805,
    "sse": 0.34575873281728875,
    "ctds_norm": 0.38281328276962256
  }
}