{
  "Test Name": "B7F5SL_8",
  "V_initial_mm_s": 0.6389925541455264,
  "Deceleration_mm_s2": -0.00454039655350976,
  "Max Load_target_N": 2000.0,
  "Max Load_measured_N": 1134.38423875,
  "WL_at_Max_Load_mm": 169.93200000000002,
  "Speed_Transition_mm": 33.285,
  "End_Weld_mm": 173.04,
  "Crack_Start_mm": 133.11900000000003,
  "End_Crack_mm": 126.7,
  "End_Crack_detected_mm": 127.953,
  "End_Crack_measured_mm": 126.7,
  "L_weld_mm": 139.755,
  "L_crack_mm": 93.415,
  "Time_EndCrack_to_EndWeld_s": 308.4117354059452,
  "Weld_Area_PostCrack_mm2": 116.30644899999997,
  "Lower_Plate_Moved_UserCalc": 2052.6067875724375,
  "Velocity_End_Crack_measured_mm_s": 0.097110896948816,
  "Velocity_End_Crack_detected_mm_s": 0.0996393276104526,
  "Baseline_Slope_N_mm": 1.867933333333564,
  "Notes": "Full crack at peak load.",
  "Welding_Velocity_cm_min": 12.6,
  "Welding_Velocity_mm_s": 2.1,
  "CTDS_mm_s": 0.15542205590652178,
  "CTDS_norm": 0.5080280152810623,
  "_ctds_fit": "{'side': 'left', 'ctds_norm': 0.5080280152810623, 'm': -1.5037124660556425, 'k': -2.2181928248639813, 'b': 1.099300104461068, 'sse': 0.6105196732587782, 'n_points': 221, 'w1': -1.5037124660556425, 'b1': 1.099300104461068, 'w2': 2.2181928248639813, 'b2': -1.1269040983263414, 'model': <function fit_ctds_from_normalized_curve.<locals>.model at 0x0000015569334EB0>}",
  "_ctds_vel_min": 0.0006302208818902,
  "_ctds_vel_max": 0.305321754357646,
  "Preweld_T_avg_C": 33.359973680315996,
  "CTDS_fit": {
    "w1": -1.5037124660556425,
    "b1": 1.099300104461068,
    "w2": 2.2181928248639813,
    "b2": -1.1269040983263414,
    "sse": 0.6105196732587782,
    "ctds_norm": 0.5080280152810623
  }
}