{
  "Test Name": "B7F5SL_7",
  "V_initial_mm_s": 0.6389993476220572,
  "Deceleration_mm_s2": -0.0045530012497078986,
  "Max Load_target_N": 2000.0,
  "Max Load_measured_N": 1587.31417565,
  "WL_at_Max_Load_mm": 172.599,
  "Speed_Transition_mm": 32.907000000000004,
  "End_Weld_mm": 172.641,
  "Crack_Start_mm": 106.53300000000002,
  "End_Crack_mm": 122.2,
  "End_Crack_detected_mm": 106.218,
  "End_Crack_measured_mm": 122.2,
  "L_weld_mm": 139.73399999999998,
  "L_crack_mm": 89.293,
  "Time_EndCrack_to_EndWeld_s": 335.6496628809433,
  "Weld_Area_PostCrack_mm2": 126.59934384999995,
  "Lower_Plate_Moved_UserCalc": 2233.514327473502,
  "Velocity_End_Crack_measured_mm_s": 0.105066937168526,
  "Velocity_End_Crack_detected_mm_s": 0.133928561221609,
  "Baseline_Slope_N_mm": 7.938716666666293,
  "Notes": "Full crack at peak load.",
  "Welding_Velocity_cm_min": 12.6,
  "Welding_Velocity_mm_s": 2.1,
  "CTDS_mm_s": 0.133663575910074,
  "CTDS_norm": 0.4363216299799891,
  "_ctds_fit": "{'side': 'left', 'ctds_norm': 0.4363216299799891, 'm': -0.01520466746359108, 'k': 2.804982197605005, 'b': 0.057590655039452765, 'sse': 0.19869106979768375, 'n_points': 360, 'w1': -0.01520466746359108, 'b1': 0.057590655039452765, 'w2': -2.804982197605005, 'b2': 1.2238744045238676, 'model': <function fit_ctds_from_normalized_curve.<locals>.model at 0x000001556934F110>}",
  "_ctds_vel_min": 0.0005986720611938,
  "_ctds_vel_max": 0.305568434515975,
  "Preweld_T_avg_C": 30.903718092502682,
  "CTDS_fit": {
    "w1": -0.01520466746359108,
    "b1": 0.057590655039452765,
    "w2": -2.804982197605005,
    "b2": 1.2238744045238676,
    "sse": 0.19869106979768375,
    "ctds_norm": 0.4363216299799891
  }
}